linked_id,module_id,link,type,linked_type,created_at,updated_at
359,3,44,2,3,2017-11-14 15:28:36.0,2017-11-14 15:28:36.0
360,2,43,2,3,2017-11-14 15:28:51.0,2017-11-14 15:28:51.0
361,1,43,2,3,2017-11-14 15:29:03.0,2017-11-14 15:29:03.0
370,4,11,2,3,2017-11-14 15:45:39.0,2017-11-14 15:45:39.0
494,7,40,2,3,2017-11-14 16:24:39.0,2017-11-14 16:24:39.0
528,8,40,2,3,2017-11-14 16:24:59.0,2017-11-14 16:24:59.0
562,9,40,2,3,2017-11-14 16:25:48.0,2017-11-14 16:25:48.0
630,11,40,2,3,2017-11-14 16:27:24.0,2017-11-14 16:27:24.0
664,12,40,2,3,2017-11-14 16:28:09.0,2017-11-14 16:28:09.0
732,14,40,2,3,2017-11-14 16:28:38.0,2017-11-14 16:28:38.0
766,15,40,2,3,2017-11-14 16:28:59.0,2017-11-14 16:28:59.0
800,16,40,2,3,2017-11-14 16:31:05.0,2017-11-14 16:31:05.0
902,19,40,2,3,2017-11-14 16:36:20.0,2017-11-14 16:36:20.0
937,20,42,2,3,2017-11-14 16:37:51.0,2017-11-14 16:37:51.0
971,21,42,2,3,2017-11-14 16:38:16.0,2017-11-14 16:38:16.0
1005,22,42,2,3,2017-11-14 16:38:51.0,2017-11-14 16:38:51.0
1041,23,44,2,3,2017-11-14 16:40:18.0,2017-11-14 16:40:18.0
1109,25,44,2,3,2017-11-14 16:43:49.0,2017-11-14 16:43:49.0
1143,26,44,2,3,2017-11-14 16:44:14.0,2017-11-14 16:44:14.0
1177,27,44,2,3,2017-11-14 16:44:30.0,2017-11-14 16:44:30.0
1198,28,25,2,3,2017-11-14 16:44:56.0,2017-11-14 16:44:56.0
1347,32,44,2,3,2017-11-14 16:47:36.0,2017-11-14 16:47:36.0
1381,33,44,2,3,2017-11-14 16:47:58.0,2017-11-14 16:47:58.0
1415,34,44,2,3,2017-11-14 16:48:41.0,2017-11-14 16:48:41.0
1459,36,14,2,3,2017-11-14 17:00:30.0,2017-11-14 17:00:30.0
1527,38,14,2,3,2017-11-14 17:02:32.0,2017-11-14 17:02:32.0
1565,39,18,2,3,2017-11-14 17:08:45.0,2017-11-14 17:08:45.0
1597,40,16,2,3,2017-11-14 17:12:17.0,2017-11-14 17:12:17.0
1631,41,16,2,3,2017-11-14 17:12:41.0,2017-11-14 17:12:41.0
1665,42,16,2,3,2017-11-14 17:13:01.0,2017-11-14 17:13:01.0
1699,43,16,2,3,2017-11-14 17:13:20.0,2017-11-14 17:13:20.0
1733,44,16,2,3,2017-11-14 17:13:36.0,2017-11-14 17:13:36.0
1767,45,16,2,3,2017-11-14 17:14:42.0,2017-11-14 17:14:42.0
1801,46,16,2,3,2017-11-14 17:18:57.0,2017-11-14 17:18:57.0
1835,47,16,2,3,2017-11-14 17:21:23.0,2017-11-14 17:21:23.0
1869,48,16,2,3,2017-11-14 17:22:27.0,2017-11-14 17:22:27.0
1903,49,16,2,3,2017-11-14 17:23:14.0,2017-11-14 17:23:14.0
1969,53,16,2,3,2017-11-14 18:57:46.0,2017-11-14 18:57:46.0
1973,55,1,2,1,2017-11-14 19:47:24.0,2017-11-14 19:47:24.0
1974,55,2,2,1,2017-11-14 19:47:24.0,2017-11-14 19:47:24.0
1975,55,3,2,1,2017-11-14 19:47:24.0,2017-11-14 19:47:24.0
1997,63,1,2,1,2017-11-14 19:55:52.0,2017-11-14 19:55:52.0
1998,63,2,2,1,2017-11-14 19:55:52.0,2017-11-14 19:55:52.0
1999,63,3,2,1,2017-11-14 19:55:52.0,2017-11-14 19:55:52.0
2002,62,43,2,3,2017-11-15 18:42:18.0,2017-11-15 18:42:18.0
2005,50,40,2,3,2017-11-15 18:46:09.0,2017-11-15 18:46:09.0
2008,59,43,2,3,2017-11-15 18:49:32.0,2017-11-15 18:49:32.0
2011,56,43,2,3,2017-11-15 18:50:49.0,2017-11-15 18:50:49.0
2012,52,43,2,3,2017-11-15 18:52:50.0,2017-11-15 18:52:50.0
2016,37,15,2,3,2017-11-15 19:00:42.0,2017-11-15 19:00:42.0
2023,54,43,2,3,2017-11-15 19:28:23.0,2017-11-15 19:28:23.0
2024,6,11,2,3,2017-11-15 19:49:44.0,2017-11-15 19:49:44.0
2057,64,31,2,3,2017-11-16 16:34:54.0,2017-11-16 16:34:54.0
2083,65,15,2,3,2017-11-16 16:34:55.0,2017-11-16 16:34:55.0
2119,66,31,2,3,2017-11-16 16:42:22.0,2017-11-16 16:42:22.0
2120,35,15,2,3,2017-11-16 16:43:51.0,2017-11-16 16:43:51.0
2125,67,15,2,3,2017-11-16 16:49:33.0,2017-11-16 16:49:33.0
2131,68,15,2,3,2017-11-16 16:52:57.0,2017-11-16 16:52:57.0
2132,68,16,2,3,2017-11-16 16:52:57.0,2017-11-16 16:52:57.0
2133,68,31,2,3,2017-11-16 16:52:57.0,2017-11-16 16:52:57.0
2146,72,14,2,3,2017-11-16 17:15:25.0,2017-11-16 17:15:25.0
2147,71,14,2,3,2017-11-16 17:15:31.0,2017-11-16 17:15:31.0
2148,70,14,2,3,2017-11-16 17:15:39.0,2017-11-16 17:15:39.0
2149,69,14,2,3,2017-11-16 17:15:45.0,2017-11-16 17:15:45.0
2161,73,16,2,3,2017-11-16 17:27:38.0,2017-11-16 17:27:38.0
2208,77,19,2,3,2017-11-16 18:35:40.0,2017-11-16 18:35:40.0
2209,76,19,2,3,2017-11-16 18:36:07.0,2017-11-16 18:36:07.0
2212,77,24,2,3,2017-11-16 18:36:51.0,2017-11-16 18:36:51.0
2213,76,24,2,3,2017-11-16 18:36:56.0,2017-11-16 18:36:56.0
2214,75,19,2,3,2017-11-16 18:37:19.0,2017-11-16 18:37:19.0
2216,75,24,2,3,2017-11-16 18:37:19.0,2017-11-16 18:37:19.0
2218,77,23,2,3,2017-11-16 18:38:46.0,2017-11-16 18:38:46.0
2221,78,20,2,3,2017-11-16 18:40:38.0,2017-11-16 18:40:38.0
2246,86,20,2,3,2017-11-16 19:07:45.0,2017-11-16 19:07:45.0
2247,86,21,2,3,2017-11-16 19:07:45.0,2017-11-16 19:07:45.0
2265,87,21,2,3,2017-11-16 19:10:25.0,2017-11-16 19:10:25.0
2310,94,17,2,3,2017-11-16 19:47:22.0,2017-11-16 19:47:22.0
2311,93,17,2,3,2017-11-16 19:47:31.0,2017-11-16 19:47:31.0
2312,92,17,2,3,2017-11-16 19:47:36.0,2017-11-16 19:47:36.0
2313,91,17,2,3,2017-11-16 19:47:41.0,2017-11-16 19:47:41.0
2314,90,17,2,3,2017-11-16 19:47:57.0,2017-11-16 19:47:57.0
2315,89,17,2,3,2017-11-16 19:48:01.0,2017-11-16 19:48:01.0
2316,88,17,2,3,2017-11-16 19:48:10.0,2017-11-16 19:48:10.0
2317,85,17,2,3,2017-11-16 19:48:51.0,2017-11-16 19:48:51.0
2320,84,17,2,3,2017-11-16 20:35:06.0,2017-11-16 20:35:06.0
2321,83,17,2,3,2017-11-16 20:35:11.0,2017-11-16 20:35:11.0
2322,82,21,2,3,2017-11-16 20:35:31.0,2017-11-16 20:35:31.0
2324,82,24,2,3,2017-11-16 20:35:31.0,2017-11-16 20:35:31.0
2326,79,20,2,3,2017-11-16 20:35:51.0,2017-11-16 20:35:51.0
2327,80,20,2,3,2017-11-16 20:48:34.0,2017-11-16 20:48:34.0
2331,95,42,2,3,2017-11-16 20:50:38.0,2017-11-16 20:50:38.0
2472,140,14,2,3,2017-11-17 15:12:27.0,2017-11-17 15:12:27.0
2473,140,21,2,3,2017-11-17 15:12:27.0,2017-11-17 15:12:27.0
2474,139,21,2,3,2017-11-17 15:13:00.0,2017-11-17 15:13:00.0
2475,138,21,2,3,2017-11-17 15:24:55.0,2017-11-17 15:24:55.0
2476,136,21,2,3,2017-11-17 15:27:31.0,2017-11-17 15:27:31.0
2477,137,21,2,3,2017-11-17 15:27:36.0,2017-11-17 15:27:36.0
2478,135,21,2,3,2017-11-17 15:29:02.0,2017-11-17 15:29:02.0
2479,134,21,2,3,2017-11-17 15:30:05.0,2017-11-17 15:30:05.0
2480,133,21,2,3,2017-11-17 15:32:02.0,2017-11-17 15:32:02.0
2481,132,21,2,3,2017-11-17 15:32:07.0,2017-11-17 15:32:07.0
2482,131,21,2,3,2017-11-17 15:33:09.0,2017-11-17 15:33:09.0
2483,130,21,2,3,2017-11-17 15:34:11.0,2017-11-17 15:34:11.0
2484,128,21,2,3,2017-11-17 15:36:15.0,2017-11-17 15:36:15.0
2485,129,21,2,3,2017-11-17 15:36:21.0,2017-11-17 15:36:21.0
2486,127,21,2,3,2017-11-17 15:37:32.0,2017-11-17 15:37:32.0
2487,127,32,2,3,2017-11-17 15:37:52.0,2017-11-17 15:37:52.0
2488,128,32,2,3,2017-11-17 15:37:57.0,2017-11-17 15:37:57.0
2489,126,21,2,3,2017-11-17 15:39:03.0,2017-11-17 15:39:03.0
2490,126,32,2,3,2017-11-17 15:39:16.0,2017-11-17 15:39:16.0
2491,125,21,2,3,2017-11-17 15:40:15.0,2017-11-17 15:40:15.0
2492,125,32,2,3,2017-11-17 15:40:15.0,2017-11-17 15:40:15.0
2493,124,21,2,3,2017-11-17 15:41:27.0,2017-11-17 15:41:27.0
2494,124,48,2,3,2017-11-17 15:41:59.0,2017-11-17 15:41:59.0
2495,123,21,2,3,2017-11-17 15:43:02.0,2017-11-17 15:43:02.0
2496,123,32,2,3,2017-11-17 15:43:02.0,2017-11-17 15:43:02.0
2497,122,21,2,3,2017-11-17 15:44:03.0,2017-11-17 15:44:03.0
2498,122,32,2,3,2017-11-17 15:44:03.0,2017-11-17 15:44:03.0
2499,122,48,2,3,2017-11-17 15:44:03.0,2017-11-17 15:44:03.0
2500,121,21,2,3,2017-11-17 15:45:09.0,2017-11-17 15:45:09.0
2501,121,32,2,3,2017-11-17 15:45:09.0,2017-11-17 15:45:09.0
2502,120,21,2,3,2017-11-17 15:46:39.0,2017-11-17 15:46:39.0
2503,119,21,2,3,2017-11-17 15:47:45.0,2017-11-17 15:47:45.0
2504,118,14,2,3,2017-11-17 15:49:52.0,2017-11-17 15:49:52.0
2505,118,21,2,3,2017-11-17 15:49:52.0,2017-11-17 15:49:52.0
2506,117,14,2,3,2017-11-17 15:51:14.0,2017-11-17 15:51:14.0
2507,117,21,2,3,2017-11-17 15:51:14.0,2017-11-17 15:51:14.0
2508,116,14,2,3,2017-11-17 15:52:30.0,2017-11-17 15:52:30.0
2509,116,21,2,3,2017-11-17 15:52:30.0,2017-11-17 15:52:30.0
2510,115,21,2,3,2017-11-17 15:54:10.0,2017-11-17 15:54:10.0
2511,114,21,2,3,2017-11-17 15:55:12.0,2017-11-17 15:55:12.0
2512,113,21,2,3,2017-11-17 15:56:15.0,2017-11-17 15:56:15.0
2513,112,21,2,3,2017-11-17 15:57:36.0,2017-11-17 15:57:36.0
2514,111,21,2,3,2017-11-17 15:58:35.0,2017-11-17 15:58:35.0
2518,114,32,2,3,2017-11-17 15:59:44.0,2017-11-17 15:59:44.0
2519,113,32,2,3,2017-11-17 15:59:50.0,2017-11-17 15:59:50.0
2521,116,32,2,3,2017-11-17 16:00:05.0,2017-11-17 16:00:05.0
2522,117,32,2,3,2017-11-17 16:00:18.0,2017-11-17 16:00:18.0
2523,119,14,2,3,2017-11-17 16:00:37.0,2017-11-17 16:00:37.0
2524,110,21,2,3,2017-11-17 16:01:46.0,2017-11-17 16:01:46.0
2525,109,21,2,3,2017-11-17 16:02:47.0,2017-11-17 16:02:47.0
2526,108,21,2,3,2017-11-17 16:03:53.0,2017-11-17 16:03:53.0
2527,107,21,2,3,2017-11-17 16:04:47.0,2017-11-17 16:04:47.0
2528,106,21,2,3,2017-11-17 16:06:15.0,2017-11-17 16:06:15.0
2529,106,25,2,3,2017-11-17 16:06:15.0,2017-11-17 16:06:15.0
2530,105,20,2,3,2017-11-17 16:08:08.0,2017-11-17 16:08:08.0
2531,105,21,2,3,2017-11-17 16:08:08.0,2017-11-17 16:08:08.0
2532,105,32,2,3,2017-11-17 16:08:08.0,2017-11-17 16:08:08.0
2533,104,21,2,3,2017-11-17 16:09:26.0,2017-11-17 16:09:26.0
2534,103,21,2,3,2017-11-17 16:10:34.0,2017-11-17 16:10:34.0
2535,102,21,2,3,2017-11-17 16:11:42.0,2017-11-17 16:11:42.0
2536,101,21,2,3,2017-11-17 16:12:50.0,2017-11-17 16:12:50.0
2537,101,32,2,3,2017-11-17 16:12:50.0,2017-11-17 16:12:50.0
2538,102,32,2,3,2017-11-17 16:12:59.0,2017-11-17 16:12:59.0
2539,100,21,2,3,2017-11-17 16:14:08.0,2017-11-17 16:14:08.0
2540,99,21,2,3,2017-11-17 16:15:17.0,2017-11-17 16:15:17.0
2542,99,32,2,3,2017-11-17 16:15:32.0,2017-11-17 16:15:32.0
2543,98,21,2,3,2017-11-17 16:16:40.0,2017-11-17 16:16:40.0
2544,97,21,2,3,2017-11-17 16:17:35.0,2017-11-17 16:17:35.0
2545,96,32,2,3,2017-11-17 16:19:09.0,2017-11-17 16:19:09.0
2547,93,32,2,3,2017-11-17 16:23:02.0,2017-11-17 16:23:02.0
2553,87,32,2,3,2017-11-17 16:31:14.0,2017-11-17 16:31:14.0
2554,85,32,2,3,2017-11-17 16:34:35.0,2017-11-17 16:34:35.0
2557,80,32,2,3,2017-11-17 16:42:41.0,2017-11-17 16:42:41.0
2559,76,21,2,3,2017-11-17 16:45:19.0,2017-11-17 16:45:19.0
2561,75,23,2,3,2017-11-17 16:49:02.0,2017-11-17 16:49:02.0
2566,141,21,2,3,2017-11-17 17:01:22.0,2017-11-17 17:01:22.0
2567,141,25,2,3,2017-11-17 17:01:22.0,2017-11-17 17:01:22.0
2619,158,27,2,3,2017-11-17 18:55:19.0,2017-11-17 18:55:19.0
2620,153,27,2,3,2017-11-17 18:57:20.0,2017-11-17 18:57:20.0
2621,152,27,2,3,2017-11-17 18:57:25.0,2017-11-17 18:57:25.0
2622,154,27,2,3,2017-11-17 18:57:31.0,2017-11-17 18:57:31.0
2623,155,27,2,3,2017-11-17 18:57:37.0,2017-11-17 18:57:37.0
2624,156,27,2,3,2017-11-17 18:57:41.0,2017-11-17 18:57:41.0
2625,157,27,2,3,2017-11-17 18:57:47.0,2017-11-17 18:57:47.0
2626,151,27,2,3,2017-11-17 18:58:18.0,2017-11-17 18:58:18.0
2627,150,27,2,3,2017-11-17 18:58:42.0,2017-11-17 18:58:42.0
2628,149,27,2,3,2017-11-17 18:58:55.0,2017-11-17 18:58:55.0
2629,142,27,2,3,2017-11-17 18:59:13.0,2017-11-17 18:59:13.0
2630,143,27,2,3,2017-11-17 18:59:27.0,2017-11-17 18:59:27.0
2631,144,27,2,3,2017-11-17 18:59:39.0,2017-11-17 18:59:39.0
2632,145,27,2,3,2017-11-17 18:59:58.0,2017-11-17 18:59:58.0
2633,146,27,2,3,2017-11-17 19:00:18.0,2017-11-17 19:00:18.0
2634,147,27,2,3,2017-11-17 19:00:30.0,2017-11-17 19:00:30.0
2635,148,27,2,3,2017-11-17 19:00:43.0,2017-11-17 19:00:43.0
2639,159,28,2,3,2017-11-17 19:08:55.0,2017-11-17 19:08:55.0
2661,160,28,2,3,2017-11-17 19:10:54.0,2017-11-17 19:10:54.0
2701,161,28,2,3,2017-11-17 19:10:55.0,2017-11-17 19:10:55.0
2727,162,29,2,3,2017-11-20 13:47:33.0,2017-11-20 13:47:33.0
2750,164,29,2,3,2017-11-20 13:56:00.0,2017-11-20 13:56:00.0
2751,164,30,2,3,2017-11-20 13:56:00.0,2017-11-20 13:56:00.0
2790,165,29,2,3,2017-11-20 13:56:45.0,2017-11-20 13:56:45.0
2791,165,30,2,3,2017-11-20 13:56:45.0,2017-11-20 13:56:45.0
2830,166,29,2,3,2017-11-20 14:01:19.0,2017-11-20 14:01:19.0
2831,166,30,2,3,2017-11-20 14:01:19.0,2017-11-20 14:01:19.0
2872,167,29,2,3,2017-11-20 14:28:06.0,2017-11-20 14:28:06.0
2873,168,29,2,3,2017-11-20 14:28:13.0,2017-11-20 14:28:13.0
2874,170,29,2,3,2017-11-20 14:28:22.0,2017-11-20 14:28:22.0
2875,169,29,2,3,2017-11-20 14:28:36.0,2017-11-20 14:28:36.0
2876,172,29,2,3,2017-11-20 14:28:42.0,2017-11-20 14:28:42.0
2878,173,29,2,3,2017-11-20 14:29:00.0,2017-11-20 14:29:00.0
2879,174,29,2,3,2017-11-20 14:29:07.0,2017-11-20 14:29:07.0
2903,175,30,2,3,2017-11-20 14:30:56.0,2017-11-20 14:30:56.0
2983,177,29,2,3,2017-11-20 14:48:26.0,2017-11-20 14:48:26.0
3024,178,30,2,3,2017-11-20 14:48:28.0,2017-11-20 14:48:28.0
3050,182,1,2,1,2017-11-20 15:47:06.0,2017-11-20 15:47:06.0
3051,182,2,2,1,2017-11-20 15:47:06.0,2017-11-20 15:47:06.0
3052,182,3,2,1,2017-11-20 15:47:06.0,2017-11-20 15:47:06.0
3053,179,45,2,3,2017-11-20 16:00:25.0,2017-11-20 16:00:25.0
3054,180,45,2,3,2017-11-20 16:00:49.0,2017-11-20 16:00:49.0
3055,181,45,2,3,2017-11-20 16:01:07.0,2017-11-20 16:01:07.0
3056,183,1,2,3,2017-11-20 16:05:25.0,2017-11-20 16:05:25.0
3057,183,2,2,3,2017-11-20 16:05:25.0,2017-11-20 16:05:25.0
3058,183,3,2,3,2017-11-20 16:05:25.0,2017-11-20 16:05:25.0
3059,183,4,2,3,2017-11-20 16:05:25.0,2017-11-20 16:05:25.0
3060,183,5,2,3,2017-11-20 16:05:25.0,2017-11-20 16:05:25.0
3061,183,6,2,3,2017-11-20 16:05:25.0,2017-11-20 16:05:25.0
3062,183,7,2,3,2017-11-20 16:05:25.0,2017-11-20 16:05:25.0
3063,183,8,2,3,2017-11-20 16:05:25.0,2017-11-20 16:05:25.0
3064,183,11,2,3,2017-11-20 16:05:25.0,2017-11-20 16:05:25.0
3065,183,14,2,3,2017-11-20 16:05:25.0,2017-11-20 16:05:25.0
3066,183,15,2,3,2017-11-20 16:05:25.0,2017-11-20 16:05:25.0
3067,183,16,2,3,2017-11-20 16:05:25.0,2017-11-20 16:05:25.0
3068,183,17,2,3,2017-11-20 16:05:25.0,2017-11-20 16:05:25.0
3069,183,18,2,3,2017-11-20 16:05:25.0,2017-11-20 16:05:25.0
3070,183,19,2,3,2017-11-20 16:05:25.0,2017-11-20 16:05:25.0
3071,183,20,2,3,2017-11-20 16:05:25.0,2017-11-20 16:05:25.0
3072,183,21,2,3,2017-11-20 16:05:25.0,2017-11-20 16:05:25.0
3073,183,23,2,3,2017-11-20 16:05:25.0,2017-11-20 16:05:25.0
3074,183,24,2,3,2017-11-20 16:05:26.0,2017-11-20 16:05:26.0
3075,183,25,2,3,2017-11-20 16:05:26.0,2017-11-20 16:05:26.0
3076,183,27,2,3,2017-11-20 16:05:26.0,2017-11-20 16:05:26.0
3077,183,28,2,3,2017-11-20 16:05:26.0,2017-11-20 16:05:26.0
3078,183,29,2,3,2017-11-20 16:05:26.0,2017-11-20 16:05:26.0
3079,183,30,2,3,2017-11-20 16:05:26.0,2017-11-20 16:05:26.0
3080,183,31,2,3,2017-11-20 16:05:26.0,2017-11-20 16:05:26.0
3081,183,32,2,3,2017-11-20 16:05:26.0,2017-11-20 16:05:26.0
3082,183,33,2,3,2017-11-20 16:05:26.0,2017-11-20 16:05:26.0
3083,183,37,2,3,2017-11-20 16:05:26.0,2017-11-20 16:05:26.0
3084,183,40,2,3,2017-11-20 16:05:26.0,2017-11-20 16:05:26.0
3085,183,42,2,3,2017-11-20 16:05:26.0,2017-11-20 16:05:26.0
3086,183,43,2,3,2017-11-20 16:05:26.0,2017-11-20 16:05:26.0
3087,183,44,2,3,2017-11-20 16:05:26.0,2017-11-20 16:05:26.0
3088,183,45,2,3,2017-11-20 16:05:26.0,2017-11-20 16:05:26.0
3089,183,46,2,3,2017-11-20 16:05:26.0,2017-11-20 16:05:26.0
3090,183,47,2,3,2017-11-20 16:05:26.0,2017-11-20 16:05:26.0
3091,183,48,2,3,2017-11-20 16:05:26.0,2017-11-20 16:05:26.0
3092,183,49,2,3,2017-11-20 16:05:26.0,2017-11-20 16:05:26.0
3093,183,50,2,3,2017-11-20 16:05:26.0,2017-11-20 16:05:26.0
3094,183,51,2,3,2017-11-20 16:05:26.0,2017-11-20 16:05:26.0
3095,183,52,2,3,2017-11-20 16:05:26.0,2017-11-20 16:05:26.0
3096,51,31,2,3,2017-11-20 16:42:41.0,2017-11-20 16:42:41.0
3121,184,31,2,3,2017-11-20 16:44:34.0,2017-11-20 16:44:34.0
3161,185,31,2,3,2017-11-20 16:46:03.0,2017-11-20 16:46:03.0
3201,186,31,2,3,2017-11-20 16:48:38.0,2017-11-20 16:48:38.0
3243,187,33,2,3,2017-11-20 16:57:21.0,2017-11-20 16:57:21.0
3263,188,46,2,3,2017-11-20 17:08:31.0,2017-11-20 17:08:31.0
3264,189,46,2,3,2017-11-20 17:08:35.0,2017-11-20 17:08:35.0
3270,136,48,2,3,2017-11-20 17:22:19.0,2017-11-20 17:22:19.0
3271,135,48,2,3,2017-11-20 17:22:23.0,2017-11-20 17:22:23.0
3272,137,48,2,3,2017-11-20 17:22:33.0,2017-11-20 17:22:33.0
3273,138,48,2,3,2017-11-20 17:22:43.0,2017-11-20 17:22:43.0
3274,190,47,2,3,2017-11-20 17:28:03.0,2017-11-20 17:28:03.0
3293,196,50,2,3,2017-11-20 17:45:58.0,2017-11-20 17:45:58.0
3294,195,49,2,3,2017-11-20 17:46:12.0,2017-11-20 17:46:12.0
3295,195,50,2,3,2017-11-20 17:46:12.0,2017-11-20 17:46:12.0
3296,192,49,2,3,2017-11-20 17:46:25.0,2017-11-20 17:46:25.0
3297,193,49,2,3,2017-11-20 17:46:36.0,2017-11-20 17:46:36.0
3298,194,49,2,3,2017-11-20 17:46:49.0,2017-11-20 17:46:49.0
3299,191,49,2,3,2017-11-20 17:47:00.0,2017-11-20 17:47:00.0
3369,197,50,2,3,2017-11-21 14:38:22.0,2017-11-21 14:38:22.0
3409,198,50,2,3,2017-11-21 14:41:09.0,2017-11-21 14:41:09.0
3450,199,51,2,3,2017-11-21 14:55:34.0,2017-11-21 14:55:34.0
3490,200,51,2,3,2017-11-21 15:02:25.0,2017-11-21 15:02:25.0
3530,201,51,2,3,2017-11-21 15:03:41.0,2017-11-21 15:03:41.0
3644,203,47,2,3,2017-11-27 19:16:37.0,2017-11-27 19:16:37.0
3748,205,47,2,3,2017-11-27 19:21:36.0,2017-11-27 19:21:36.0
3787,2,17,1,3,2017-11-28 13:23:26.0,2017-11-28 13:23:26.0
3790,2,20,1,3,2017-11-28 13:23:26.0,2017-11-28 13:23:26.0
3804,2,43,1,3,2017-11-28 13:23:27.0,2017-11-28 13:23:27.0
3939,206,21,2,3,2017-12-07 16:16:10.0,2017-12-07 16:16:10.0
3940,206,48,2,3,2017-12-07 16:16:10.0,2017-12-07 16:16:10.0
4132,207,27,2,3,2017-12-11 15:31:47.0,2017-12-11 15:31:47.0
4198,2,32,1,3,2017-12-13 14:23:10.0,2017-12-13 14:23:10.0
4199,58,20,2,3,2017-12-19 18:35:40.0,2017-12-19 18:35:40.0
4373,96,18,2,3,2018-01-22 18:51:05.0,2018-01-22 18:51:05.0
4375,11,18,1,3,2018-01-23 19:06:59.0,2018-01-23 19:06:59.0
4377,85,44,2,3,2018-01-24 19:03:38.0,2018-01-24 19:03:38.0
4410,208,42,2,3,2018-01-30 15:56:50.0,2018-01-30 15:56:50.0
4500,90,32,2,3,2018-02-01 15:16:09.0,2018-02-01 15:16:09.0
4501,83,32,2,3,2018-02-01 15:16:14.0,2018-02-01 15:16:14.0
4502,112,32,2,3,2018-02-01 15:22:44.0,2018-02-01 15:22:44.0
4503,94,32,2,3,2018-02-01 15:22:58.0,2018-02-01 15:22:58.0
4505,91,32,2,3,2018-02-01 15:23:16.0,2018-02-01 15:23:16.0
4506,89,32,2,3,2018-02-01 15:23:22.0,2018-02-01 15:23:22.0
4507,88,32,2,3,2018-02-01 15:23:29.0,2018-02-01 15:23:29.0
4508,84,32,2,3,2018-02-01 15:23:35.0,2018-02-01 15:23:35.0
4754,15,16,1,3,2018-03-14 14:23:39.0,2018-03-14 14:23:39.0
4949,2,43,3,3,2018-03-17 22:29:03.0,2018-03-17 22:29:03.0
4953,2,64,3,3,2018-03-23 11:48:52.0,2018-03-23 11:48:52.0
5016,218,69,2,3,2018-04-04 19:35:06.0,2018-04-04 19:35:06.0
5099,219,69,2,3,2018-04-04 19:39:28.0,2018-04-04 19:39:28.0
5182,220,69,2,3,2018-04-04 19:41:44.0,2018-04-04 19:41:44.0
5265,221,69,2,3,2018-04-04 20:01:51.0,2018-04-04 20:01:51.0
5351,222,69,2,3,2018-04-05 14:30:38.0,2018-04-05 14:30:38.0
5435,223,69,2,3,2018-04-05 14:32:04.0,2018-04-05 14:32:04.0
5519,224,69,2,3,2018-04-05 14:35:02.0,2018-04-05 14:35:02.0
5603,225,69,2,3,2018-04-05 14:41:30.0,2018-04-05 14:41:30.0
5687,226,69,2,3,2018-04-05 14:45:46.0,2018-04-05 14:45:46.0
5771,227,69,2,3,2018-04-05 14:49:16.0,2018-04-05 14:49:16.0
5855,228,69,2,3,2018-04-05 14:54:33.0,2018-04-05 14:54:33.0
5939,229,69,2,3,2018-04-05 14:58:10.0,2018-04-05 14:58:10.0
6023,230,69,2,3,2018-04-05 14:59:36.0,2018-04-05 14:59:36.0
6107,231,69,2,3,2018-04-05 15:01:39.0,2018-04-05 15:01:39.0
6191,232,69,2,3,2018-04-05 15:01:40.0,2018-04-05 15:01:40.0
6275,233,69,2,3,2018-04-05 15:05:51.0,2018-04-05 15:05:51.0
6359,234,69,2,3,2018-04-05 15:08:12.0,2018-04-05 15:08:12.0
6443,235,69,2,3,2018-04-05 15:11:17.0,2018-04-05 15:11:17.0
6555,236,98,2,3,2018-04-05 15:15:15.0,2018-04-05 15:15:15.0
6639,237,98,2,3,2018-04-05 15:16:35.0,2018-04-05 15:16:35.0
6728,238,98,2,3,2018-04-05 15:20:59.0,2018-04-05 15:20:59.0
6868,239,98,2,3,2018-04-05 15:22:56.0,2018-04-05 15:22:56.0
6896,240,98,2,3,2018-04-05 15:22:56.0,2018-04-05 15:22:56.0
6954,241,68,2,3,2018-04-05 15:38:33.0,2018-04-05 15:38:33.0
7038,242,68,2,3,2018-04-05 15:45:47.0,2018-04-05 15:45:47.0
7122,243,68,2,3,2018-04-05 15:50:32.0,2018-04-05 15:50:32.0
7458,247,68,2,3,2018-04-05 15:59:13.0,2018-04-05 15:59:13.0
7541,248,67,2,3,2018-04-05 16:00:24.0,2018-04-05 16:00:24.0
7572,209,27,2,3,2018-04-05 17:00:26.0,2018-04-05 17:00:26.0
7584,249,11,2,3,2018-04-05 20:14:01.0,2018-04-05 20:14:01.0
7702,250,54,2,3,2018-04-05 20:19:32.0,2018-04-05 20:19:32.0
7787,251,54,2,3,2018-04-05 20:20:51.0,2018-04-05 20:20:51.0
7880,252,62,2,3,2018-04-05 20:26:34.0,2018-04-05 20:26:34.0
7965,253,62,2,3,2018-04-05 20:31:37.0,2018-04-05 20:31:37.0
8051,254,63,2,3,2018-04-05 20:36:50.0,2018-04-05 20:36:50.0
8136,255,63,2,3,2018-04-05 20:40:20.0,2018-04-05 20:40:20.0
8221,256,63,2,3,2018-04-05 20:42:36.0,2018-04-05 20:42:36.0
8309,257,63,2,3,2018-04-05 20:44:12.0,2018-04-05 20:44:12.0
8458,261,43,2,3,2018-04-06 15:26:30.0,2018-04-06 15:26:30.0
8650,263,64,2,3,2018-04-06 15:31:56.0,2018-04-06 15:31:56.0
8735,264,64,2,3,2018-04-06 15:46:40.0,2018-04-06 15:46:40.0
8821,265,65,2,3,2018-04-06 16:00:44.0,2018-04-06 16:00:44.0
8939,266,65,2,3,2018-04-06 16:00:46.0,2018-04-06 16:00:46.0
8978,267,65,2,3,2018-04-06 16:00:47.0,2018-04-06 16:00:47.0
9103,268,65,2,3,2018-04-06 16:03:38.0,2018-04-06 16:03:38.0
9309,270,66,2,3,2018-04-06 16:03:40.0,2018-04-06 16:03:40.0
10399,283,70,2,3,2018-04-06 16:52:34.0,2018-04-06 16:52:34.0
11488,296,99,2,3,2018-04-06 17:49:07.0,2018-04-06 17:49:07.0
11489,296,72,2,3,2018-04-06 17:50:23.0,2018-04-06 17:50:23.0
11490,296,76,2,3,2018-04-06 17:50:23.0,2018-04-06 17:50:23.0
11575,297,99,2,3,2018-04-06 17:52:14.0,2018-04-06 17:52:14.0
11660,298,99,2,3,2018-04-06 17:59:12.0,2018-04-06 17:59:12.0
11745,299,99,2,3,2018-04-06 18:02:56.0,2018-04-06 18:02:56.0
12381,305,96,2,3,2018-04-09 14:49:10.0,2018-04-09 14:49:10.0
12422,307,96,2,3,2018-04-09 14:49:11.0,2018-04-09 14:49:11.0
12507,308,96,2,3,2018-04-09 15:07:28.0,2018-04-09 15:07:28.0
12706,309,96,2,3,2018-04-09 15:09:59.0,2018-04-09 15:09:59.0
12758,310,96,2,3,2018-04-09 15:10:00.0,2018-04-09 15:10:00.0
12894,311,96,2,3,2018-04-09 15:10:01.0,2018-04-09 15:10:01.0
12916,312,96,2,3,2018-04-09 15:10:02.0,2018-04-09 15:10:02.0
12932,313,96,2,3,2018-04-09 15:10:02.0,2018-04-09 15:10:02.0
13040,314,72,2,3,2018-04-09 16:32:25.0,2018-04-09 16:32:25.0
13098,315,72,2,3,2018-04-09 16:32:26.0,2018-04-09 16:32:26.0
13154,314,100,2,3,2018-04-09 16:32:26.0,2018-04-09 16:32:26.0
13233,315,100,2,3,2018-04-09 16:32:27.0,2018-04-09 16:32:27.0
13322,316,72,2,3,2018-04-09 16:32:27.0,2018-04-09 16:32:27.0
13367,317,72,2,3,2018-04-09 16:32:28.0,2018-04-09 16:32:28.0
13409,318,72,2,3,2018-04-09 16:32:28.0,2018-04-09 16:32:28.0
13461,319,72,2,3,2018-04-09 16:32:28.0,2018-04-09 16:32:28.0
13478,316,100,2,3,2018-04-09 16:32:28.0,2018-04-09 16:32:28.0
13517,317,100,2,3,2018-04-09 16:32:28.0,2018-04-09 16:32:28.0
13544,320,72,2,3,2018-04-09 16:32:29.0,2018-04-09 16:32:29.0
13545,318,100,2,3,2018-04-09 16:32:29.0,2018-04-09 16:32:29.0
13571,319,100,2,3,2018-04-09 16:32:29.0,2018-04-09 16:32:29.0
13587,321,72,2,3,2018-04-09 16:32:29.0,2018-04-09 16:32:29.0
13606,320,100,2,3,2018-04-09 16:32:30.0,2018-04-09 16:32:30.0
13623,321,100,2,3,2018-04-09 16:32:30.0,2018-04-09 16:32:30.0
13762,322,72,2,3,2018-04-09 16:43:12.0,2018-04-09 16:43:12.0
13815,323,72,2,3,2018-04-09 16:43:12.0,2018-04-09 16:43:12.0
13869,324,72,2,3,2018-04-09 16:43:13.0,2018-04-09 16:43:13.0
13873,322,100,2,3,2018-04-09 16:43:13.0,2018-04-09 16:43:13.0
13953,323,100,2,3,2018-04-09 16:43:14.0,2018-04-09 16:43:14.0
14000,324,100,2,3,2018-04-09 16:43:14.0,2018-04-09 16:43:14.0
14082,325,72,2,3,2018-04-09 16:43:15.0,2018-04-09 16:43:15.0
14132,326,72,2,3,2018-04-09 16:43:15.0,2018-04-09 16:43:15.0
14146,327,72,2,3,2018-04-09 16:43:15.0,2018-04-09 16:43:15.0
14239,325,100,2,3,2018-04-09 16:43:16.0,2018-04-09 16:43:16.0
14274,328,72,2,3,2018-04-09 16:43:17.0,2018-04-09 16:43:17.0
14284,326,100,2,3,2018-04-09 16:43:17.0,2018-04-09 16:43:17.0
14290,327,100,2,3,2018-04-09 16:43:17.0,2018-04-09 16:43:17.0
14332,329,72,2,3,2018-04-09 16:43:17.0,2018-04-09 16:43:17.0
14371,330,72,2,3,2018-04-09 16:43:18.0,2018-04-09 16:43:18.0
14378,328,100,2,3,2018-04-09 16:43:18.0,2018-04-09 16:43:18.0
14422,329,100,2,3,2018-04-09 16:43:18.0,2018-04-09 16:43:18.0
14441,330,100,2,3,2018-04-09 16:43:19.0,2018-04-09 16:43:19.0
14457,331,72,2,3,2018-04-09 16:43:19.0,2018-04-09 16:43:19.0
14483,331,100,2,3,2018-04-09 16:43:19.0,2018-04-09 16:43:19.0
14543,332,72,2,3,2018-04-09 17:00:26.0,2018-04-09 17:00:26.0
14569,332,100,2,3,2018-04-09 17:00:26.0,2018-04-09 17:00:26.0
14675,333,72,2,3,2018-04-09 17:01:30.0,2018-04-09 17:01:30.0
14742,334,72,2,3,2018-04-09 17:01:30.0,2018-04-09 17:01:30.0
14799,333,100,2,3,2018-04-09 17:01:31.0,2018-04-09 17:01:31.0
14879,334,100,2,3,2018-04-09 17:01:31.0,2018-04-09 17:01:31.0
14956,335,72,2,3,2018-04-09 17:01:32.0,2018-04-09 17:01:32.0
14981,336,72,2,3,2018-04-09 17:01:32.0,2018-04-09 17:01:32.0
15025,337,72,2,3,2018-04-09 17:01:32.0,2018-04-09 17:01:32.0
15105,338,72,2,3,2018-04-09 17:01:33.0,2018-04-09 17:01:33.0
15114,335,100,2,3,2018-04-09 17:01:33.0,2018-04-09 17:01:33.0
15134,336,100,2,3,2018-04-09 17:01:33.0,2018-04-09 17:01:33.0
15163,337,100,2,3,2018-04-09 17:01:33.0,2018-04-09 17:01:33.0
15182,339,72,2,3,2018-04-09 17:01:33.0,2018-04-09 17:01:33.0
15225,338,100,2,3,2018-04-09 17:01:34.0,2018-04-09 17:01:34.0
15265,340,72,2,3,2018-04-09 17:01:34.0,2018-04-09 17:01:34.0
15317,339,100,2,3,2018-04-09 17:01:34.0,2018-04-09 17:01:34.0
15402,340,100,2,3,2018-04-09 17:01:35.0,2018-04-09 17:01:35.0
15474,341,72,2,3,2018-04-09 17:01:36.0,2018-04-09 17:01:36.0
15486,342,72,2,3,2018-04-09 17:01:36.0,2018-04-09 17:01:36.0
15527,343,72,2,3,2018-04-09 17:01:36.0,2018-04-09 17:01:36.0
15598,344,72,2,3,2018-04-09 17:01:37.0,2018-04-09 17:01:37.0
15604,341,100,2,3,2018-04-09 17:01:37.0,2018-04-09 17:01:37.0
15615,342,100,2,3,2018-04-09 17:01:37.0,2018-04-09 17:01:37.0
15640,343,100,2,3,2018-04-09 17:01:37.0,2018-04-09 17:01:37.0
15653,345,72,2,3,2018-04-09 17:01:38.0,2018-04-09 17:01:38.0
15668,344,100,2,3,2018-04-09 17:01:38.0,2018-04-09 17:01:38.0
15687,345,100,2,3,2018-04-09 17:01:38.0,2018-04-09 17:01:38.0
15801,346,72,2,3,2018-04-09 17:26:05.0,2018-04-09 17:26:05.0
15879,346,100,2,3,2018-04-09 17:26:06.0,2018-04-09 17:26:06.0
15880,347,72,2,3,2018-04-09 17:26:06.0,2018-04-09 17:26:06.0
15905,348,72,2,3,2018-04-09 17:26:06.0,2018-04-09 17:26:06.0
15932,347,100,2,3,2018-04-09 17:26:07.0,2018-04-09 17:26:07.0
15945,348,100,2,3,2018-04-09 17:26:07.0,2018-04-09 17:26:07.0
16005,349,72,2,3,2018-04-09 17:47:59.0,2018-04-09 17:47:59.0
16031,349,100,2,3,2018-04-09 17:48:00.0,2018-04-09 17:48:00.0
16091,350,72,2,3,2018-04-09 17:49:14.0,2018-04-09 17:49:14.0
16117,350,100,2,3,2018-04-09 17:49:15.0,2018-04-09 17:49:15.0
16177,351,72,2,3,2018-04-09 17:49:16.0,2018-04-09 17:49:16.0
16203,351,100,2,3,2018-04-09 17:49:16.0,2018-04-09 17:49:16.0
16263,352,72,2,3,2018-04-09 17:53:17.0,2018-04-09 17:53:17.0
16289,352,100,2,3,2018-04-09 17:53:17.0,2018-04-09 17:53:17.0
16393,353,72,2,3,2018-04-09 17:55:55.0,2018-04-09 17:55:55.0
16439,354,72,2,3,2018-04-09 17:55:55.0,2018-04-09 17:55:55.0
16471,353,100,2,3,2018-04-09 17:55:55.0,2018-04-09 17:55:55.0
16502,354,100,2,3,2018-04-09 17:55:56.0,2018-04-09 17:55:56.0
16521,355,72,2,3,2018-04-09 17:55:56.0,2018-04-09 17:55:56.0
16547,355,100,2,3,2018-04-09 17:55:57.0,2018-04-09 17:55:57.0
16634,356,72,2,3,2018-04-09 18:00:20.0,2018-04-09 18:00:20.0
16635,356,100,2,3,2018-04-09 18:00:21.0,2018-04-09 18:00:21.0
17005,359,74,2,3,2018-04-09 19:00:47.0,2018-04-09 19:00:47.0
17105,361,74,2,3,2018-04-09 19:00:48.0,2018-04-09 19:00:48.0
17470,366,73,2,3,2018-04-09 19:08:48.0,2018-04-09 19:08:48.0
17556,367,73,2,3,2018-04-09 19:10:27.0,2018-04-09 19:10:27.0
17679,368,73,2,3,2018-04-09 19:12:10.0,2018-04-09 19:12:10.0
17771,369,73,2,3,2018-04-09 19:12:11.0,2018-04-09 19:12:11.0
17846,371,75,2,3,2018-04-09 19:29:05.0,2018-04-09 19:29:05.0
17847,372,75,2,3,2018-04-09 19:29:11.0,2018-04-09 19:29:11.0
17910,373,75,2,3,2018-04-09 19:31:36.0,2018-04-09 19:31:36.0
17996,374,75,2,3,2018-04-09 19:34:02.0,2018-04-09 19:34:02.0
18035,378,76,2,3,2018-04-10 14:51:29.0,2018-04-10 14:51:29.0
18036,377,76,2,3,2018-04-10 14:51:38.0,2018-04-10 14:51:38.0
18037,376,76,2,3,2018-04-10 14:51:46.0,2018-04-10 14:51:46.0
18038,375,76,2,3,2018-04-10 14:51:52.0,2018-04-10 14:51:52.0
18039,379,76,2,3,2018-04-10 14:51:59.0,2018-04-10 14:51:59.0
18104,380,78,2,3,2018-04-10 15:01:37.0,2018-04-10 15:01:37.0
18156,389,78,2,3,2018-04-10 15:45:00.0,2018-04-10 15:45:00.0
18158,386,78,2,3,2018-04-10 15:45:11.0,2018-04-10 15:45:11.0
18159,388,78,2,3,2018-04-10 15:45:16.0,2018-04-10 15:45:16.0
18160,381,78,2,3,2018-04-10 15:46:15.0,2018-04-10 15:46:15.0
18161,382,78,2,3,2018-04-10 15:46:20.0,2018-04-10 15:46:20.0
18162,385,78,2,3,2018-04-10 15:46:26.0,2018-04-10 15:46:26.0
18163,384,78,2,3,2018-04-10 15:46:32.0,2018-04-10 15:46:32.0
18164,383,78,2,3,2018-04-10 15:46:38.0,2018-04-10 15:46:38.0
18165,387,78,2,3,2018-04-10 15:46:45.0,2018-04-10 15:46:45.0
18172,392,79,2,3,2018-04-10 15:50:00.0,2018-04-10 15:50:00.0
18173,391,79,2,3,2018-04-10 15:50:14.0,2018-04-10 15:50:14.0
18177,393,79,2,3,2018-04-10 15:52:57.0,2018-04-10 15:52:57.0
18243,394,79,2,3,2018-04-10 15:54:35.0,2018-04-10 15:54:35.0
18267,395,79,2,3,2018-04-10 15:59:19.0,2018-04-10 15:59:19.0
18275,397,80,2,3,2018-04-10 16:16:14.0,2018-04-10 16:16:14.0
18279,398,80,2,3,2018-04-10 16:18:05.0,2018-04-10 16:18:05.0
18283,399,80,2,3,2018-04-10 16:20:36.0,2018-04-10 16:20:36.0
18350,400,80,2,3,2018-04-10 16:21:58.0,2018-04-10 16:21:58.0
18436,401,80,2,3,2018-04-10 16:23:40.0,2018-04-10 16:23:40.0
18459,402,80,2,3,2018-04-10 16:25:06.0,2018-04-10 16:25:06.0
18558,405,81,2,3,2018-04-10 16:34:51.0,2018-04-10 16:34:51.0
18559,404,81,2,3,2018-04-10 16:36:05.0,2018-04-10 16:36:05.0
18560,407,81,2,3,2018-04-10 16:37:12.0,2018-04-10 16:37:12.0
18561,406,81,2,3,2018-04-10 16:38:35.0,2018-04-10 16:38:35.0
18565,408,82,2,3,2018-04-10 17:00:25.0,2018-04-10 17:00:25.0
18581,411,82,2,3,2018-04-10 17:02:04.0,2018-04-10 17:02:04.0
18582,410,82,2,3,2018-04-10 17:02:49.0,2018-04-10 17:02:49.0
18583,409,82,2,3,2018-04-10 17:03:56.0,2018-04-10 17:03:56.0
18584,413,82,2,3,2018-04-10 17:06:50.0,2018-04-10 17:06:50.0
18585,412,82,2,3,2018-04-10 17:09:02.0,2018-04-10 17:09:02.0
18598,414,82,2,3,2018-04-10 17:10:33.0,2018-04-10 17:10:33.0
18599,417,82,2,3,2018-04-10 17:11:50.0,2018-04-10 17:11:50.0
18600,416,82,2,3,2018-04-10 17:12:38.0,2018-04-10 17:12:38.0
18613,415,83,2,3,2018-04-10 17:17:30.0,2018-04-10 17:17:30.0
18614,420,83,2,3,2018-04-10 17:17:54.0,2018-04-10 17:17:54.0
18627,425,83,2,3,2018-04-10 17:23:32.0,2018-04-10 17:23:32.0
18628,422,83,2,3,2018-04-10 17:23:38.0,2018-04-10 17:23:38.0
18629,423,83,2,3,2018-04-10 17:23:45.0,2018-04-10 17:23:45.0
18630,424,83,2,3,2018-04-10 17:23:51.0,2018-04-10 17:23:51.0
18631,421,83,2,3,2018-04-10 17:23:58.0,2018-04-10 17:23:58.0
18632,418,83,2,3,2018-04-10 17:24:04.0,2018-04-10 17:24:04.0
18633,419,83,2,3,2018-04-10 17:24:16.0,2018-04-10 17:24:16.0
18634,419,84,2,3,2018-04-10 17:24:16.0,2018-04-10 17:24:16.0
18635,418,85,2,3,2018-04-10 17:24:26.0,2018-04-10 17:24:26.0
18784,426,84,2,3,2018-04-10 17:28:56.0,2018-04-10 17:28:56.0
18824,427,84,2,3,2018-04-10 17:28:57.0,2018-04-10 17:28:57.0
18878,428,84,2,3,2018-04-10 17:28:57.0,2018-04-10 17:28:57.0
18909,430,85,2,3,2018-04-10 17:34:04.0,2018-04-10 17:34:04.0
18910,429,85,2,3,2018-04-10 17:34:56.0,2018-04-10 17:34:56.0
18982,434,85,2,3,2018-04-10 18:13:34.0,2018-04-10 18:13:34.0
19210,436,85,2,3,2018-04-10 18:13:37.0,2018-04-10 18:13:37.0
19255,433,85,2,3,2018-04-10 18:13:53.0,2018-04-10 18:13:53.0
19256,432,85,2,3,2018-04-10 18:13:59.0,2018-04-10 18:13:59.0
19257,431,85,2,3,2018-04-10 18:14:05.0,2018-04-10 18:14:05.0
19258,435,86,2,3,2018-04-10 18:19:07.0,2018-04-10 18:19:07.0
19259,437,86,2,3,2018-04-10 18:19:40.0,2018-04-10 18:19:40.0
19332,438,86,2,3,2018-04-10 18:20:24.0,2018-04-10 18:20:24.0
19418,439,86,2,3,2018-04-10 18:22:08.0,2018-04-10 18:22:08.0
19438,440,89,2,3,2018-04-10 18:33:53.0,2018-04-10 18:33:53.0
19439,441,89,2,3,2018-04-10 18:34:07.0,2018-04-10 18:34:07.0
19514,442,89,2,3,2018-04-10 18:37:17.0,2018-04-10 18:37:17.0
19600,443,89,2,3,2018-04-10 18:37:55.0,2018-04-10 18:37:55.0
19648,452,90,2,3,2018-04-11 14:13:36.0,2018-04-11 14:13:36.0
19649,451,90,2,3,2018-04-11 14:14:28.0,2018-04-11 14:14:28.0
19650,450,90,2,3,2018-04-11 14:15:25.0,2018-04-11 14:15:25.0
19666,453,90,2,3,2018-04-11 14:16:55.0,2018-04-11 14:16:55.0
19667,458,90,2,3,2018-04-11 14:17:13.0,2018-04-11 14:17:13.0
19668,457,90,2,3,2018-04-11 14:17:47.0,2018-04-11 14:17:47.0
19684,456,91,2,3,2018-04-11 14:22:36.0,2018-04-11 14:22:36.0
19685,455,91,2,3,2018-04-11 14:22:42.0,2018-04-11 14:22:42.0
19686,454,91,2,3,2018-04-11 14:22:47.0,2018-04-11 14:22:47.0
19687,461,91,2,3,2018-04-11 14:24:02.0,2018-04-11 14:24:02.0
19730,467,93,2,3,2018-04-11 14:57:11.0,2018-04-11 14:57:11.0
19731,471,93,2,3,2018-04-11 14:57:48.0,2018-04-11 14:57:48.0
19732,470,93,2,3,2018-04-11 14:59:21.0,2018-04-11 14:59:21.0
19733,469,93,2,3,2018-04-11 15:00:38.0,2018-04-11 15:00:38.0
19734,468,93,2,3,2018-04-11 15:01:16.0,2018-04-11 15:01:16.0
19908,472,93,2,3,2018-04-11 15:02:02.0,2018-04-11 15:02:02.0
19933,473,93,2,3,2018-04-11 15:02:02.0,2018-04-11 15:02:02.0
19985,474,93,2,3,2018-04-11 15:02:03.0,2018-04-11 15:02:03.0
20005,476,94,2,3,2018-04-11 15:11:07.0,2018-04-11 15:11:07.0
20006,475,94,2,3,2018-04-11 15:11:32.0,2018-04-11 15:11:32.0
20007,478,94,2,3,2018-04-11 15:12:03.0,2018-04-11 15:12:03.0
20008,477,94,2,3,2018-04-11 15:12:38.0,2018-04-11 15:12:38.0
20066,479,70,2,3,2018-04-11 16:04:05.0,2018-04-11 16:04:05.0
20093,479,99,2,3,2018-04-11 16:04:05.0,2018-04-11 16:04:05.0
20152,480,70,2,3,2018-04-11 16:05:51.0,2018-04-11 16:05:51.0
20179,480,99,2,3,2018-04-11 16:05:51.0,2018-04-11 16:05:51.0
20280,16,16,1,3,2018-04-11 19:22:07.0,2018-04-11 19:22:07.0
20282,16,18,1,3,2018-04-11 19:22:07.0,2018-04-11 19:22:07.0
20355,16,11,1,3,2018-04-11 19:24:26.0,2018-04-11 19:24:26.0
20356,16,14,1,3,2018-04-11 19:24:26.0,2018-04-11 19:24:26.0
20357,16,15,1,3,2018-04-11 19:24:26.0,2018-04-11 19:24:26.0
20358,16,17,1,3,2018-04-11 19:24:26.0,2018-04-11 19:24:26.0
20359,16,19,1,3,2018-04-11 19:24:26.0,2018-04-11 19:24:26.0
20360,16,20,1,3,2018-04-11 19:24:26.0,2018-04-11 19:24:26.0
20361,16,21,1,3,2018-04-11 19:24:26.0,2018-04-11 19:24:26.0
20362,16,23,1,3,2018-04-11 19:24:26.0,2018-04-11 19:24:26.0
20363,16,24,1,3,2018-04-11 19:24:26.0,2018-04-11 19:24:26.0
20364,16,25,1,3,2018-04-11 19:24:26.0,2018-04-11 19:24:26.0
20365,16,27,1,3,2018-04-11 19:24:26.0,2018-04-11 19:24:26.0
20366,16,28,1,3,2018-04-11 19:24:26.0,2018-04-11 19:24:26.0
20367,16,29,1,3,2018-04-11 19:24:26.0,2018-04-11 19:24:26.0
20368,16,30,1,3,2018-04-11 19:24:26.0,2018-04-11 19:24:26.0
20369,16,31,1,3,2018-04-11 19:24:26.0,2018-04-11 19:24:26.0
20370,16,32,1,3,2018-04-11 19:24:26.0,2018-04-11 19:24:26.0
20371,16,33,1,3,2018-04-11 19:24:26.0,2018-04-11 19:24:26.0
20373,16,40,1,3,2018-04-11 19:24:26.0,2018-04-11 19:24:26.0
20374,16,42,1,3,2018-04-11 19:24:26.0,2018-04-11 19:24:26.0
20375,16,43,1,3,2018-04-11 19:24:27.0,2018-04-11 19:24:27.0
20376,16,44,1,3,2018-04-11 19:24:27.0,2018-04-11 19:24:27.0
20377,16,45,1,3,2018-04-11 19:24:27.0,2018-04-11 19:24:27.0
20378,16,46,1,3,2018-04-11 19:24:27.0,2018-04-11 19:24:27.0
20379,16,47,1,3,2018-04-11 19:24:27.0,2018-04-11 19:24:27.0
20380,16,48,1,3,2018-04-11 19:24:27.0,2018-04-11 19:24:27.0
20381,16,49,1,3,2018-04-11 19:24:27.0,2018-04-11 19:24:27.0
20382,16,50,1,3,2018-04-11 19:24:27.0,2018-04-11 19:24:27.0
20383,16,97,1,3,2018-04-11 19:24:27.0,2018-04-11 19:24:27.0
20470,18,54,1,3,2018-04-11 20:42:14.0,2018-04-11 20:42:14.0
20471,18,62,1,3,2018-04-11 20:42:14.0,2018-04-11 20:42:14.0
20472,18,63,1,3,2018-04-11 20:42:14.0,2018-04-11 20:42:14.0
20473,18,64,1,3,2018-04-11 20:42:14.0,2018-04-11 20:42:14.0
20474,18,65,1,3,2018-04-11 20:42:14.0,2018-04-11 20:42:14.0
20475,18,66,1,3,2018-04-11 20:42:14.0,2018-04-11 20:42:14.0
20476,18,67,1,3,2018-04-11 20:42:14.0,2018-04-11 20:42:14.0
20477,18,68,1,3,2018-04-11 20:42:14.0,2018-04-11 20:42:14.0
20478,18,69,1,3,2018-04-11 20:42:14.0,2018-04-11 20:42:14.0
20479,18,70,1,3,2018-04-11 20:42:14.0,2018-04-11 20:42:14.0
20481,18,72,1,3,2018-04-11 20:42:14.0,2018-04-11 20:42:14.0
20482,18,73,1,3,2018-04-11 20:42:14.0,2018-04-11 20:42:14.0
20483,18,74,1,3,2018-04-11 20:42:14.0,2018-04-11 20:42:14.0
20484,18,75,1,3,2018-04-11 20:42:14.0,2018-04-11 20:42:14.0
20485,18,76,1,3,2018-04-11 20:42:14.0,2018-04-11 20:42:14.0
20486,18,78,1,3,2018-04-11 20:42:14.0,2018-04-11 20:42:14.0
20487,18,79,1,3,2018-04-11 20:42:14.0,2018-04-11 20:42:14.0
20488,18,80,1,3,2018-04-11 20:42:14.0,2018-04-11 20:42:14.0
20489,18,81,1,3,2018-04-11 20:42:14.0,2018-04-11 20:42:14.0
20490,18,82,1,3,2018-04-11 20:42:14.0,2018-04-11 20:42:14.0
20491,18,83,1,3,2018-04-11 20:42:14.0,2018-04-11 20:42:14.0
20492,18,84,1,3,2018-04-11 20:42:14.0,2018-04-11 20:42:14.0
20493,18,85,1,3,2018-04-11 20:42:14.0,2018-04-11 20:42:14.0
20494,18,86,1,3,2018-04-11 20:42:14.0,2018-04-11 20:42:14.0
20496,18,89,1,3,2018-04-11 20:42:14.0,2018-04-11 20:42:14.0
20497,18,90,1,3,2018-04-11 20:42:14.0,2018-04-11 20:42:14.0
20498,18,91,1,3,2018-04-11 20:42:14.0,2018-04-11 20:42:14.0
20499,18,92,1,3,2018-04-11 20:42:14.0,2018-04-11 20:42:14.0
20500,18,93,1,3,2018-04-11 20:42:14.0,2018-04-11 20:42:14.0
20501,18,94,1,3,2018-04-11 20:42:14.0,2018-04-11 20:42:14.0
20502,18,96,1,3,2018-04-11 20:42:14.0,2018-04-11 20:42:14.0
20503,18,98,1,3,2018-04-11 20:42:14.0,2018-04-11 20:42:14.0
20504,18,99,1,3,2018-04-11 20:42:14.0,2018-04-11 20:42:14.0
20505,18,100,1,3,2018-04-11 20:42:14.0,2018-04-11 20:42:14.0
20506,15,14,1,3,2018-04-12 16:01:30.0,2018-04-12 16:01:30.0
20507,15,15,1,3,2018-04-12 16:01:30.0,2018-04-12 16:01:30.0
20508,15,18,1,3,2018-04-12 16:01:30.0,2018-04-12 16:01:30.0
20509,11,19,1,3,2018-04-12 17:21:46.0,2018-04-12 17:21:46.0
20510,11,24,1,3,2018-04-12 17:28:18.0,2018-04-12 17:28:18.0
20511,2,27,1,3,2018-04-12 18:38:25.0,2018-04-12 18:38:25.0
20532,482,27,2,3,2018-04-12 18:45:09.0,2018-04-12 18:45:09.0
20647,483,27,2,3,2018-04-12 18:45:11.0,2018-04-12 18:45:11.0
20675,484,27,2,3,2018-04-12 18:45:11.0,2018-04-12 18:45:11.0
20710,486,27,2,3,2018-04-12 18:45:12.0,2018-04-12 18:45:12.0
20763,487,27,2,3,2018-04-12 18:45:12.0,2018-04-12 18:45:12.0
20935,488,27,2,3,2018-04-12 18:45:13.0,2018-04-12 18:45:13.0
21146,489,27,2,3,2018-04-12 18:45:15.0,2018-04-12 18:45:15.0
21168,490,27,2,3,2018-04-12 18:45:15.0,2018-04-12 18:45:15.0
21207,491,27,2,3,2018-04-12 18:45:15.0,2018-04-12 18:45:15.0
21210,492,27,2,3,2018-04-12 18:45:15.0,2018-04-12 18:45:15.0
21458,485,27,2,3,2018-04-12 18:49:26.0,2018-04-12 18:49:26.0
21479,493,27,2,3,2018-04-12 18:56:40.0,2018-04-12 18:56:40.0
21530,494,27,2,3,2018-04-12 18:56:41.0,2018-04-12 18:56:41.0
21564,495,27,2,3,2018-04-12 18:56:41.0,2018-04-12 18:56:41.0
21635,496,27,2,3,2018-04-12 18:56:42.0,2018-04-12 18:56:42.0
21803,11,23,1,3,2018-04-12 19:39:45.0,2018-04-12 19:39:45.0
21807,301,101,2,3,2018-04-16 20:00:16.0,2018-04-16 20:00:16.0
21809,300,101,2,3,2018-04-16 20:00:35.0,2018-04-16 20:00:35.0
21817,498,27,2,3,2018-04-17 16:55:56.0,2018-04-17 16:55:56.0
21824,499,98,2,3,2018-04-18 19:55:59.0,2018-04-18 19:55:59.0
21825,500,98,2,3,2018-04-18 19:56:05.0,2018-04-18 19:56:05.0
21835,507,17,2,3,2018-04-20 16:09:01.0,2018-04-20 16:09:01.0
21837,19,25,1,3,2018-04-20 16:58:24.0,2018-04-20 16:58:24.0
21838,17,25,1,3,2018-04-20 16:58:35.0,2018-04-20 16:58:35.0
21842,14,25,1,3,2018-04-20 17:14:06.0,2018-04-20 17:14:06.0
21944,525,17,2,3,2018-04-25 15:16:41.0,2018-04-25 15:16:41.0
21948,526,27,2,3,2018-04-25 16:19:35.0,2018-04-25 16:19:35.0
22060,529,27,2,3,2018-04-25 16:28:22.0,2018-04-25 16:28:22.0
22144,530,23,2,3,2018-04-25 16:42:59.0,2018-04-25 16:42:59.0
22145,530,24,2,3,2018-04-25 16:42:59.0,2018-04-25 16:42:59.0
22215,13,17,1,3,2018-04-25 18:20:12.0,2018-04-25 18:20:12.0
22216,13,43,1,3,2018-04-25 18:20:12.0,2018-04-25 18:20:12.0
22308,535,43,2,3,2018-04-26 19:45:28.0,2018-04-26 19:45:28.0
22309,536,43,2,3,2018-04-26 19:45:56.0,2018-04-26 19:45:56.0
22311,538,21,2,3,2018-04-28 01:28:09.0,2018-04-28 01:28:09.0
22312,539,21,2,3,2018-04-28 01:29:19.0,2018-04-28 01:29:19.0
22313,540,11,2,3,2018-04-28 14:44:46.0,2018-04-28 14:44:46.0
22314,541,11,2,3,2018-04-28 20:19:46.0,2018-04-28 20:19:46.0
22315,542,11,2,3,2018-04-29 02:55:38.0,2018-04-29 02:55:38.0
22316,543,43,2,3,2018-04-29 02:56:11.0,2018-04-29 02:56:11.0
22317,544,23,2,3,2018-04-29 06:54:46.0,2018-04-29 06:54:46.0
22318,545,23,2,3,2018-04-29 06:55:10.0,2018-04-29 06:55:10.0
22319,546,25,2,3,2018-04-29 06:55:49.0,2018-04-29 06:55:49.0
22320,547,16,2,3,2018-04-29 14:18:27.0,2018-04-29 14:18:27.0
22321,548,16,2,3,2018-04-29 14:19:00.0,2018-04-29 14:19:00.0
22322,549,52,2,3,2018-04-30 01:21:59.0,2018-04-30 01:21:59.0
22323,550,11,2,3,2018-04-30 13:09:24.0,2018-04-30 13:09:24.0
22324,551,16,2,3,2018-04-30 14:46:54.0,2018-04-30 14:46:54.0
22325,552,11,2,3,2018-04-30 15:39:31.0,2018-04-30 15:39:31.0
22326,553,63,2,3,2018-04-30 17:44:52.0,2018-04-30 17:44:52.0
22327,554,11,2,3,2018-04-30 23:27:04.0,2018-04-30 23:27:04.0
22328,555,11,2,3,2018-04-30 23:27:39.0,2018-04-30 23:27:39.0
22329,556,17,2,3,2018-05-01 06:16:36.0,2018-05-01 06:16:36.0
22335,562,43,2,3,2018-05-01 17:51:29.0,2018-05-01 17:51:29.0
22336,563,43,2,3,2018-05-01 18:09:20.0,2018-05-01 18:09:20.0
22337,564,43,2,3,2018-05-02 00:31:24.0,2018-05-02 00:31:24.0
22338,565,25,2,3,2018-05-02 00:49:15.0,2018-05-02 00:49:15.0
22339,566,17,2,3,2018-05-02 04:46:12.0,2018-05-02 04:46:12.0
22340,567,15,2,3,2018-05-02 04:48:14.0,2018-05-02 04:48:14.0
22341,568,16,2,3,2018-05-02 04:48:52.0,2018-05-02 04:48:52.0
22344,571,18,2,3,2018-05-02 23:04:33.0,2018-05-02 23:04:33.0
22345,572,18,2,3,2018-05-03 02:53:59.0,2018-05-03 02:53:59.0
22347,574,18,2,3,2018-05-03 13:53:38.0,2018-05-03 13:53:38.0
22348,575,15,2,3,2018-05-03 18:34:10.0,2018-05-03 18:34:10.0
22349,576,37,2,3,2018-05-04 15:11:45.0,2018-05-04 15:11:45.0
22350,577,37,2,3,2018-05-04 15:12:50.0,2018-05-04 15:12:50.0
22352,579,18,2,3,2018-05-06 16:50:36.0,2018-05-06 16:50:36.0
22354,581,95,2,3,2018-05-06 17:33:14.0,2018-05-06 17:33:14.0
22355,582,48,2,3,2018-05-06 18:52:14.0,2018-05-06 18:52:14.0
22356,583,44,2,3,2018-05-07 12:39:23.0,2018-05-07 12:39:23.0
22357,584,15,2,3,2018-05-07 13:51:25.0,2018-05-07 13:51:25.0
22358,585,48,2,3,2018-05-07 23:47:13.0,2018-05-07 23:47:13.0
22359,586,18,2,3,2018-05-08 17:03:00.0,2018-05-08 17:03:00.0
22362,589,14,2,3,2018-05-11 17:20:05.0,2018-05-11 17:20:05.0
22363,590,40,2,3,2018-05-12 04:50:29.0,2018-05-12 04:50:29.0
22364,591,50,2,3,2018-05-12 04:50:46.0,2018-05-12 04:50:46.0
22366,593,44,2,3,2018-05-12 05:53:53.0,2018-05-12 05:53:53.0
22367,594,18,2,3,2018-05-12 17:40:05.0,2018-05-12 17:40:05.0
22370,597,16,2,3,2018-05-15 05:11:56.0,2018-05-15 05:11:56.0
22371,598,25,2,3,2018-05-15 21:36:22.0,2018-05-15 21:36:22.0
22372,599,14,2,3,2018-05-16 03:25:01.0,2018-05-16 03:25:01.0
22373,600,14,2,3,2018-05-16 03:25:34.0,2018-05-16 03:25:34.0
22397,624,17,2,3,2018-05-31 17:04:31.0,2018-05-31 17:04:31.0
22398,625,17,2,3,2018-05-31 17:04:52.0,2018-05-31 17:04:52.0
22407,634,17,2,3,2018-06-07 16:35:12.0,2018-06-07 16:35:12.0
22496,12,11,1,3,2018-06-08 19:28:43.0,2018-06-08 19:28:43.0
22497,12,14,1,3,2018-06-08 19:28:43.0,2018-06-08 19:28:43.0
22498,12,15,1,3,2018-06-08 19:28:43.0,2018-06-08 19:28:43.0
22499,12,16,1,3,2018-06-08 19:28:43.0,2018-06-08 19:28:43.0
22500,12,17,1,3,2018-06-08 19:28:43.0,2018-06-08 19:28:43.0
22501,12,18,1,3,2018-06-08 19:28:43.0,2018-06-08 19:28:43.0
22502,12,19,1,3,2018-06-08 19:28:43.0,2018-06-08 19:28:43.0
22503,12,20,1,3,2018-06-08 19:28:43.0,2018-06-08 19:28:43.0
22504,12,21,1,3,2018-06-08 19:28:43.0,2018-06-08 19:28:43.0
22505,12,23,1,3,2018-06-08 19:28:43.0,2018-06-08 19:28:43.0
22507,12,25,1,3,2018-06-08 19:28:43.0,2018-06-08 19:28:43.0
22508,12,27,1,3,2018-06-08 19:28:43.0,2018-06-08 19:28:43.0
22509,12,28,1,3,2018-06-08 19:28:43.0,2018-06-08 19:28:43.0
22510,12,29,1,3,2018-06-08 19:28:43.0,2018-06-08 19:28:43.0
22511,12,30,1,3,2018-06-08 19:28:43.0,2018-06-08 19:28:43.0
22512,12,31,1,3,2018-06-08 19:28:43.0,2018-06-08 19:28:43.0
22513,12,32,1,3,2018-06-08 19:28:43.0,2018-06-08 19:28:43.0
22514,12,33,1,3,2018-06-08 19:28:43.0,2018-06-08 19:28:43.0
22515,12,37,1,3,2018-06-08 19:28:43.0,2018-06-08 19:28:43.0
22516,12,40,1,3,2018-06-08 19:28:43.0,2018-06-08 19:28:43.0
22517,12,42,1,3,2018-06-08 19:28:43.0,2018-06-08 19:28:43.0
22518,12,43,1,3,2018-06-08 19:28:43.0,2018-06-08 19:28:43.0
22519,12,44,1,3,2018-06-08 19:28:43.0,2018-06-08 19:28:43.0
22520,12,45,1,3,2018-06-08 19:28:43.0,2018-06-08 19:28:43.0
22521,12,46,1,3,2018-06-08 19:28:43.0,2018-06-08 19:28:43.0
22522,12,47,1,3,2018-06-08 19:28:43.0,2018-06-08 19:28:43.0
22523,12,48,1,3,2018-06-08 19:28:43.0,2018-06-08 19:28:43.0
22524,12,49,1,3,2018-06-08 19:28:43.0,2018-06-08 19:28:43.0
22525,12,50,1,3,2018-06-08 19:28:43.0,2018-06-08 19:28:43.0
22526,12,51,1,3,2018-06-08 19:28:43.0,2018-06-08 19:28:43.0
22527,12,52,1,3,2018-06-08 19:28:43.0,2018-06-08 19:28:43.0
22528,12,95,1,3,2018-06-08 19:28:43.0,2018-06-08 19:28:43.0
22529,12,97,1,3,2018-06-08 19:28:43.0,2018-06-08 19:28:43.0
22569,23,11,1,3,2018-06-11 19:08:19.0,2018-06-11 19:08:19.0
22570,23,43,1,3,2018-06-11 19:08:19.0,2018-06-11 19:08:19.0
22571,9,17,1,3,2018-06-11 19:24:12.0,2018-06-11 19:24:12.0
22572,6,17,1,3,2018-06-11 19:36:59.0,2018-06-11 19:36:59.0
25277,56,16,1,3,2018-06-13 18:18:32.0,2018-06-13 18:18:32.0
25812,63,17,1,3,2018-06-13 19:00:43.0,2018-06-13 19:00:43.0
29390,105,28,1,3,2018-06-14 16:35:25.0,2018-06-14 16:35:25.0
30582,118,97,1,3,2018-06-14 18:40:54.0,2018-06-14 18:40:54.0
30936,119,31,1,3,2018-06-15 17:54:14.0,2018-06-15 17:54:14.0
31669,131,49,1,3,2018-06-15 18:54:09.0,2018-06-15 18:54:09.0
32280,138,51,1,3,2018-06-15 19:46:48.0,2018-06-15 19:46:48.0
32416,139,52,1,3,2018-06-15 19:53:23.0,2018-06-15 19:53:23.0
37204,208,78,1,3,2018-06-20 18:15:41.0,2018-06-20 18:15:41.0
38162,163,30,2,3,2018-06-21 01:08:37.0,2018-06-21 01:08:37.0
38163,13,29,2,3,2018-06-21 01:17:43.0,2018-06-21 01:17:43.0
38164,10,29,2,3,2018-06-21 01:18:28.0,2018-06-21 01:18:28.0
38165,17,29,2,3,2018-06-21 01:19:25.0,2018-06-21 01:19:25.0
38166,18,29,2,3,2018-06-21 01:20:02.0,2018-06-21 01:20:02.0
38167,30,29,2,3,2018-06-21 01:20:42.0,2018-06-21 01:20:42.0
38168,24,29,2,3,2018-06-21 01:21:23.0,2018-06-21 01:21:23.0
38169,213,29,2,3,2018-06-21 01:22:02.0,2018-06-21 01:22:02.0
38170,81,29,2,3,2018-06-21 01:22:59.0,2018-06-21 01:22:59.0
38171,29,29,2,3,2018-06-21 01:26:08.0,2018-06-21 01:26:08.0
38172,204,51,2,3,2018-06-21 01:26:44.0,2018-06-21 01:26:44.0
38173,202,52,2,3,2018-06-21 01:29:48.0,2018-06-21 01:29:48.0
38174,31,37,2,3,2018-06-21 01:30:32.0,2018-06-21 01:30:32.0
38175,459,37,2,3,2018-06-21 01:32:11.0,2018-06-21 01:32:11.0
38176,463,37,2,3,2018-06-21 01:32:51.0,2018-06-21 01:32:51.0
38177,460,37,2,3,2018-06-21 01:33:35.0,2018-06-21 01:33:35.0
38178,462,37,2,3,2018-06-21 01:34:15.0,2018-06-21 01:34:15.0
38179,176,30,2,3,2018-06-21 01:39:32.0,2018-06-21 01:39:32.0
38180,171,30,2,3,2018-06-21 01:39:48.0,2018-06-21 01:39:48.0
38703,233,91,1,3,2018-06-21 15:06:35.0,2018-06-21 15:06:35.0
38791,464,95,2,3,2018-06-21 17:31:33.0,2018-06-21 17:31:33.0
38792,465,95,2,3,2018-06-21 17:31:48.0,2018-06-21 17:31:48.0
38794,528,95,2,3,2018-06-21 17:32:27.0,2018-06-21 17:32:27.0
38795,527,102,2,3,2018-06-21 17:34:28.0,2018-06-21 17:34:28.0
38797,191,72,1,3,2018-06-22 01:41:39.0,2018-06-22 01:41:39.0
38798,396,80,2,3,2018-06-22 18:25:49.0,2018-06-22 18:25:49.0
38799,262,54,2,3,2018-06-22 18:42:26.0,2018-06-22 18:42:26.0
38800,269,63,2,3,2018-06-22 18:43:21.0,2018-06-22 18:43:21.0
38801,273,70,2,3,2018-06-22 18:44:53.0,2018-06-22 18:44:53.0
38802,276,65,2,3,2018-06-22 18:45:46.0,2018-06-22 18:45:46.0
38803,276,70,2,3,2018-06-22 18:45:46.0,2018-06-22 18:45:46.0
38804,279,67,2,3,2018-06-22 18:46:41.0,2018-06-22 18:46:41.0
38805,271,67,2,3,2018-06-22 18:47:28.0,2018-06-22 18:47:28.0
38806,274,67,2,3,2018-06-22 18:48:00.0,2018-06-22 18:48:00.0
38807,277,69,2,3,2018-06-22 18:48:45.0,2018-06-22 18:48:45.0
38808,280,96,2,3,2018-06-22 18:49:38.0,2018-06-22 18:49:38.0
38809,272,98,2,3,2018-06-22 18:51:50.0,2018-06-22 18:51:50.0
38810,275,100,2,3,2018-06-22 18:53:32.0,2018-06-22 18:53:32.0
38811,278,74,2,3,2018-06-22 18:54:31.0,2018-06-22 18:54:31.0
38812,281,74,2,3,2018-06-22 18:55:11.0,2018-06-22 18:55:11.0
38813,282,74,2,3,2018-06-22 18:55:39.0,2018-06-22 18:55:39.0
38816,288,78,2,3,2018-06-22 18:57:55.0,2018-06-22 18:57:55.0
38817,286,78,2,3,2018-06-22 18:58:29.0,2018-06-22 18:58:29.0
38818,289,78,2,3,2018-06-22 18:59:04.0,2018-06-22 18:59:04.0
38819,291,78,2,3,2018-06-22 18:59:48.0,2018-06-22 18:59:48.0
38820,294,78,2,3,2018-06-22 19:01:23.0,2018-06-22 19:01:23.0
38821,284,79,2,3,2018-06-22 19:08:05.0,2018-06-22 19:08:05.0
38822,284,90,2,3,2018-06-22 19:08:34.0,2018-06-22 19:08:34.0
38823,287,79,2,3,2018-06-22 19:09:26.0,2018-06-22 19:09:26.0
38824,292,80,2,3,2018-06-22 19:10:34.0,2018-06-22 19:10:34.0
38825,293,80,2,3,2018-06-22 19:11:14.0,2018-06-22 19:11:14.0
38826,290,81,2,3,2018-06-22 19:11:54.0,2018-06-22 19:11:54.0
38827,295,82,2,3,2018-06-22 19:12:32.0,2018-06-22 19:12:32.0
38828,481,82,2,3,2018-06-22 19:13:22.0,2018-06-22 19:13:22.0
38829,302,82,2,3,2018-06-22 19:14:03.0,2018-06-22 19:14:03.0
38830,303,82,2,3,2018-06-22 19:14:48.0,2018-06-22 19:14:48.0
38831,304,83,2,3,2018-06-22 19:15:24.0,2018-06-22 19:15:24.0
38833,306,90,2,3,2018-06-22 19:17:15.0,2018-06-22 19:17:15.0
38834,244,90,2,3,2018-06-22 19:18:03.0,2018-06-22 19:18:03.0
38840,363,94,2,3,2018-06-22 19:28:46.0,2018-06-22 19:28:46.0
38841,358,94,2,3,2018-06-22 19:29:13.0,2018-06-22 19:29:13.0
38843,226,85,1,3,2018-06-22 19:48:40.0,2018-06-22 19:48:40.0
38844,362,81,2,3,2018-06-22 19:49:41.0,2018-06-22 19:49:41.0
38846,365,102,2,3,2018-06-26 18:35:32.0,2018-06-26 18:35:32.0
38996,297,78,2,3,2018-09-10 19:45:50.0,2018-09-10 19:45:50.0
38997,297,98,2,3,2018-09-10 19:45:50.0,2018-09-10 19:45:50.0
38998,297,101,2,3,2018-09-10 19:46:07.0,2018-09-10 19:46:07.0
38999,67,16,2,3,2018-09-10 20:11:28.0,2018-09-10 20:11:28.0
39001,53,14,2,3,2018-09-11 16:08:13.0,2018-09-11 16:08:13.0
39002,86,32,2,3,2018-09-12 15:19:50.0,2018-09-12 15:19:50.0
39003,74,99,2,3,2018-09-12 16:14:12.0,2018-09-12 16:14:12.0
39004,99,14,2,3,2018-09-13 15:20:39.0,2018-09-13 15:20:39.0
39005,20,21,1,3,2018-09-13 15:21:51.0,2018-09-13 15:21:51.0
39006,74,21,1,3,2018-09-13 15:46:59.0,2018-09-13 15:46:59.0
39007,12,24,1,3,2018-09-13 19:28:22.0,2018-09-13 19:28:22.0
39009,74,32,1,3,2018-09-14 19:14:14.0,2018-09-14 19:14:14.0
39017,654,97,2,3,2018-09-18 16:22:45.0,2018-09-18 16:22:45.0
39018,655,97,2,3,2018-09-18 16:22:59.0,2018-09-18 16:22:59.0
39019,656,97,2,3,2018-09-18 16:23:10.0,2018-09-18 16:23:10.0
39020,657,97,2,3,2018-09-18 16:25:26.0,2018-09-18 16:25:26.0
39021,658,97,2,3,2018-09-18 16:25:40.0,2018-09-18 16:25:40.0
39022,659,97,2,3,2018-09-18 16:25:54.0,2018-09-18 16:25:54.0
39024,661,97,2,3,2018-09-18 16:27:44.0,2018-09-18 16:27:44.0
39025,662,97,2,3,2018-09-18 16:36:33.0,2018-09-18 16:36:33.0
39026,663,97,2,3,2018-09-18 16:37:01.0,2018-09-18 16:37:01.0
39027,664,97,2,3,2018-09-18 16:38:02.0,2018-09-18 16:38:02.0
39029,185,97,2,3,2018-09-18 17:12:01.0,2018-09-18 17:12:01.0
39030,659,31,2,3,2018-09-18 17:13:51.0,2018-09-18 17:13:51.0
39031,661,31,2,3,2018-09-18 17:14:05.0,2018-09-18 17:14:05.0
39032,657,31,2,3,2018-09-18 17:14:25.0,2018-09-18 17:14:25.0
39033,370,73,2,3,2018-09-27 15:05:09.0,2018-09-27 15:05:09.0
39034,390,23,2,3,2018-09-27 16:34:08.0,2018-09-27 16:34:08.0
39035,13,27,1,3,2018-09-27 19:27:13.0,2018-09-27 19:27:13.0
39036,92,32,2,3,2018-09-27 19:51:00.0,2018-09-27 19:51:00.0
39037,130,32,2,3,2018-09-27 19:56:56.0,2018-09-27 19:56:56.0
39038,130,42,2,3,2018-09-27 19:56:56.0,2018-09-27 19:56:56.0
39039,128,42,2,3,2018-09-27 19:57:11.0,2018-09-27 19:57:11.0
39040,18,101,1,3,2018-10-09 19:54:31.0,2018-10-09 19:54:31.0
39041,466,54,2,3,2018-10-10 19:28:13.0,2018-10-10 19:28:13.0
39042,466,62,2,3,2018-10-10 19:28:13.0,2018-10-10 19:28:13.0
39043,281,54,2,3,2018-10-11 16:44:07.0,2018-10-11 16:44:07.0
39044,281,62,2,3,2018-10-11 16:44:07.0,2018-10-11 16:44:07.0
39045,466,74,2,3,2018-10-11 16:45:11.0,2018-10-11 16:45:11.0
39046,403,81,2,3,2018-10-11 19:29:29.0,2018-10-11 19:29:29.0
39047,285,79,2,3,2018-10-11 20:08:31.0,2018-10-11 20:08:31.0
39049,666,82,2,3,2018-10-12 14:25:48.0,2018-10-12 14:25:48.0
39050,225,84,1,3,2018-10-12 16:52:33.0,2018-10-12 16:52:33.0
39051,364,84,2,3,2018-10-12 17:04:49.0,2018-10-12 17:04:49.0
39052,101,89,1,3,2018-10-12 17:26:10.0,2018-10-12 17:26:10.0
39053,357,92,2,3,2018-10-12 18:08:22.0,2018-10-12 18:08:22.0
39054,246,92,2,3,2018-10-12 18:08:31.0,2018-10-12 18:08:31.0
39055,245,92,2,3,2018-10-12 18:08:39.0,2018-10-12 18:08:39.0
39056,360,92,2,3,2018-10-12 18:10:11.0,2018-10-12 18:10:11.0
39057,234,94,1,3,2018-10-12 18:41:23.0,2018-10-12 18:41:23.0
39058,147,94,1,3,2018-10-12 18:43:09.0,2018-10-12 18:43:09.0
39060,12,102,1,3,2018-12-04 00:00:47.0,2018-12-04 00:00:47.0
39070,673,11,2,3,2019-01-08 19:17:05.0,2019-01-08 19:17:05.0
39072,675,27,2,3,2019-01-11 23:00:05.0,2019-01-11 23:00:05.0
39075,678,43,2,3,2019-01-12 13:51:04.0,2019-01-12 13:51:04.0
39077,680,27,2,3,2019-01-12 20:15:24.0,2019-01-12 20:15:24.0
39079,682,27,2,3,2019-01-12 20:56:49.0,2019-01-12 20:56:49.0
39081,684,17,2,3,2019-01-21 17:51:35.0,2019-01-21 17:51:35.0
39082,685,17,2,3,2019-01-21 17:51:59.0,2019-01-21 17:51:59.0
39113,716,50,2,3,2019-02-28 19:14:22.0,2019-02-28 19:14:22.0
39120,723,95,2,3,2019-03-05 01:51:56.0,2019-03-05 01:51:56.0
39121,5,27,2,3,2019-03-05 17:46:00.0,2019-03-05 17:46:00.0
39162,725,51,2,3,2019-03-07 17:24:36.0,2019-03-07 17:24:36.0
39240,756,18,2,3,2019-04-26 15:00:29.0,2019-04-26 15:00:29.0
39241,757,18,2,3,2019-04-26 19:12:51.0,2019-04-26 19:12:51.0
39242,758,18,2,3,2019-04-28 02:07:02.0,2019-04-28 02:07:02.0
39243,759,18,2,3,2019-04-28 13:31:27.0,2019-04-28 13:31:27.0
39244,760,14,2,3,2019-04-30 07:42:51.0,2019-04-30 07:42:51.0
39245,761,17,2,3,2019-04-30 22:58:04.0,2019-04-30 22:58:04.0
39246,762,18,2,3,2019-05-01 22:04:39.0,2019-05-01 22:04:39.0
39248,764,18,2,3,2019-05-07 21:10:32.0,2019-05-07 21:10:32.0
39249,765,18,2,3,2019-05-09 17:27:15.0,2019-05-09 17:27:15.0
39250,766,18,2,3,2019-05-10 15:16:49.0,2019-05-10 15:16:49.0
39251,767,52,2,3,2019-05-11 02:12:04.0,2019-05-11 02:12:04.0
39252,768,18,2,3,2019-05-13 05:12:32.0,2019-05-13 05:12:32.0
39253,769,18,2,3,2019-05-13 05:13:41.0,2019-05-13 05:13:41.0
39254,770,37,2,3,2019-05-13 14:17:25.0,2019-05-13 14:17:25.0
39255,771,42,2,3,2019-05-16 16:35:19.0,2019-05-16 16:35:19.0
39256,772,25,2,3,2019-05-18 17:45:33.0,2019-05-18 17:45:33.0
39257,773,18,2,3,2019-05-18 18:24:28.0,2019-05-18 18:24:28.0
39258,774,18,2,3,2019-05-18 18:25:30.0,2019-05-18 18:25:30.0
39259,775,18,2,3,2019-05-18 18:26:38.0,2019-05-18 18:26:38.0
39260,776,101,2,3,2019-05-19 15:22:46.0,2019-05-19 15:22:46.0
39261,777,18,2,3,2019-05-22 00:48:04.0,2019-05-22 00:48:04.0
39262,778,15,2,3,2019-05-22 23:52:10.0,2019-05-22 23:52:10.0
39263,779,18,2,3,2019-05-22 23:52:57.0,2019-05-22 23:52:57.0
39264,780,25,2,3,2019-05-24 12:47:17.0,2019-05-24 12:47:17.0
39265,781,42,2,3,2019-05-24 20:36:31.0,2019-05-24 20:36:31.0
39266,782,27,2,3,2019-05-24 23:53:31.0,2019-05-24 23:53:31.0
39267,783,18,2,3,2019-05-25 05:33:03.0,2019-05-25 05:33:03.0
39268,784,66,2,3,2019-05-29 03:53:16.0,2019-05-29 03:53:16.0
39269,785,42,2,3,2019-05-29 14:12:27.0,2019-05-29 14:12:27.0
39270,786,17,2,3,2019-06-01 13:28:30.0,2019-06-01 13:28:30.0
39271,787,15,2,3,2019-06-02 14:59:37.0,2019-06-02 14:59:37.0
39272,788,11,2,3,2019-06-03 00:02:30.0,2019-06-03 00:02:30.0
39273,789,43,2,3,2019-06-03 00:04:17.0,2019-06-03 00:04:17.0
39274,790,44,2,3,2019-06-05 15:23:51.0,2019-06-05 15:23:51.0
39275,791,16,2,3,2019-06-07 03:01:12.0,2019-06-07 03:01:12.0
39276,792,18,2,3,2019-06-08 01:30:25.0,2019-06-08 01:30:25.0
39277,793,45,2,3,2019-06-09 14:08:07.0,2019-06-09 14:08:07.0
39278,794,14,2,3,2019-06-09 20:21:17.0,2019-06-09 20:21:17.0
39279,795,17,2,3,2019-06-10 02:00:09.0,2019-06-10 02:00:09.0
39280,796,17,2,3,2019-06-15 19:49:59.0,2019-06-15 19:49:59.0
39281,797,17,2,3,2019-06-15 19:51:36.0,2019-06-15 19:51:36.0
39282,798,14,2,3,2019-06-16 23:50:46.0,2019-06-16 23:50:46.0
39283,799,43,2,3,2019-06-22 00:09:56.0,2019-06-22 00:09:56.0
39284,800,15,2,3,2019-06-22 14:14:45.0,2019-06-22 14:14:45.0
39286,802,15,2,3,2019-06-27 15:19:12.0,2019-06-27 15:19:12.0
39287,803,18,2,3,2019-07-02 13:37:22.0,2019-07-02 13:37:22.0
39288,804,17,2,3,2019-07-02 19:41:21.0,2019-07-02 19:41:21.0
39289,805,45,2,3,2019-07-05 05:24:55.0,2019-07-05 05:24:55.0
39290,806,11,2,3,2019-07-05 05:25:33.0,2019-07-05 05:25:33.0
39291,807,17,2,3,2019-07-10 13:33:58.0,2019-07-10 13:33:58.0
39292,808,17,2,3,2019-07-18 17:43:47.0,2019-07-18 17:43:47.0
39293,809,43,2,3,2019-07-19 00:10:30.0,2019-07-19 00:10:30.0
39294,810,15,2,3,2019-07-20 19:25:38.0,2019-07-20 19:25:38.0
39296,812,18,2,3,2019-07-24 15:24:15.0,2019-07-24 15:24:15.0
39297,813,14,2,3,2019-07-25 03:46:35.0,2019-07-25 03:46:35.0
39298,814,18,2,3,2019-07-30 12:11:51.0,2019-07-30 12:11:51.0
39299,815,43,2,3,2019-07-30 19:37:44.0,2019-07-30 19:37:44.0
39300,816,18,2,3,2019-07-30 19:38:11.0,2019-07-30 19:38:11.0
39301,817,16,2,3,2019-08-01 07:26:13.0,2019-08-01 07:26:13.0
39302,818,21,2,3,2019-08-06 18:07:39.0,2019-08-06 18:07:39.0
39303,819,16,2,3,2019-08-12 00:11:53.0,2019-08-12 00:11:53.0
39304,820,18,2,3,2019-08-12 00:13:59.0,2019-08-12 00:13:59.0
39305,821,43,2,3,2019-08-13 00:28:38.0,2019-08-13 00:28:38.0
39306,822,32,2,3,2019-08-16 01:20:41.0,2019-08-16 01:20:41.0
39307,823,40,2,3,2019-08-17 13:08:56.0,2019-08-17 13:08:56.0
39308,824,21,2,3,2019-08-21 18:17:28.0,2019-08-21 18:17:28.0
39309,825,20,2,3,2019-08-25 18:09:15.0,2019-08-25 18:09:15.0
39310,826,21,2,3,2019-08-25 18:14:36.0,2019-08-25 18:14:36.0
39311,827,17,2,3,2019-08-30 16:15:51.0,2019-08-30 16:15:51.0
39312,828,43,2,3,2019-08-30 16:17:16.0,2019-08-30 16:17:16.0
39313,829,18,2,3,2019-09-02 04:50:38.0,2019-09-02 04:50:38.0
39314,830,18,2,3,2019-09-03 13:13:14.0,2019-09-03 13:13:14.0
39315,831,15,2,3,2019-09-04 00:20:11.0,2019-09-04 00:20:11.0
39316,832,16,2,3,2019-09-04 00:20:57.0,2019-09-04 00:20:57.0
39317,833,25,2,3,2019-09-05 12:56:26.0,2019-09-05 12:56:26.0
39319,835,42,2,3,2019-09-07 06:02:21.0,2019-09-07 06:02:21.0
39320,836,16,2,3,2019-09-14 19:20:57.0,2019-09-14 19:20:57.0
39321,837,16,2,3,2019-09-17 10:18:04.0,2019-09-17 10:18:04.0
39322,838,18,2,3,2019-09-17 11:56:55.0,2019-09-17 11:56:55.0
39323,839,42,2,3,2019-09-26 05:33:40.0,2019-09-26 05:33:40.0
39324,840,42,2,3,2019-09-26 05:41:37.0,2019-09-26 05:41:37.0
39325,841,17,2,3,2019-09-27 15:25:48.0,2019-09-27 15:25:48.0
39326,842,15,2,3,2019-09-28 19:15:15.0,2019-09-28 19:15:15.0
39327,843,18,2,3,2019-09-29 03:55:52.0,2019-09-29 03:55:52.0
39328,844,18,2,3,2019-10-19 03:22:34.0,2019-10-19 03:22:34.0
39329,845,43,2,3,2019-10-21 19:25:37.0,2019-10-21 19:25:37.0
39330,846,18,2,3,2019-10-24 15:05:24.0,2019-10-24 15:05:24.0
39331,847,18,2,3,2019-10-24 15:06:04.0,2019-10-24 15:06:04.0
39333,849,16,2,3,2019-10-28 19:07:39.0,2019-10-28 19:07:39.0
39334,850,15,2,3,2019-11-06 22:22:21.0,2019-11-06 22:22:21.0
39335,851,14,2,3,2019-11-08 22:54:42.0,2019-11-08 22:54:42.0
39336,852,17,2,3,2019-11-12 20:47:52.0,2019-11-12 20:47:52.0
39337,853,18,2,3,2019-11-16 05:00:05.0,2019-11-16 05:00:05.0
39338,854,45,2,3,2019-11-16 14:49:41.0,2019-11-16 14:49:41.0
39339,1,1,3,1,2019-11-17 15:46:11.0,2019-11-17 15:46:11.0
39340,1,2,3,1,2019-11-17 15:46:11.0,2019-11-17 15:46:11.0
39341,1,3,3,1,2019-11-17 15:46:11.0,2019-11-17 15:46:11.0
39342,855,18,2,3,2019-11-18 14:21:47.0,2019-11-18 14:21:47.0
39343,856,18,2,3,2019-11-18 14:22:56.0,2019-11-18 14:22:56.0
39344,857,18,2,3,2019-11-18 14:28:29.0,2019-11-18 14:28:29.0
39345,858,18,2,3,2019-11-18 14:43:09.0,2019-11-18 14:43:09.0
39346,859,18,2,3,2019-11-18 14:43:21.0,2019-11-18 14:43:21.0
39347,860,18,2,3,2019-11-18 14:48:59.0,2019-11-18 14:48:59.0
39348,861,18,2,3,2019-11-18 14:49:10.0,2019-11-18 14:49:10.0
39351,864,18,2,3,2019-11-21 00:44:57.0,2019-11-21 00:44:57.0
39352,865,17,2,3,2019-11-21 14:11:10.0,2019-11-21 14:11:10.0
39353,866,15,2,3,2019-11-22 07:51:42.0,2019-11-22 07:51:42.0
39354,867,15,2,3,2019-11-22 16:38:14.0,2019-11-22 16:38:14.0
39355,868,16,2,3,2019-11-22 16:39:43.0,2019-11-22 16:39:43.0
39356,869,18,2,3,2019-11-22 16:41:32.0,2019-11-22 16:41:32.0
39357,870,52,2,3,2019-12-01 00:04:56.0,2019-12-01 00:04:56.0
39358,871,52,2,3,2019-12-03 03:39:33.0,2019-12-03 03:39:33.0
39359,872,16,2,3,2019-12-10 02:58:13.0,2019-12-10 02:58:13.0
39360,873,21,2,3,2019-12-17 14:25:05.0,2019-12-17 14:25:05.0
39361,874,20,2,3,2020-01-07 06:56:40.0,2020-01-07 06:56:40.0
39362,243,1,1,1,2020-02-12 15:21:02.0,2020-02-12 15:21:02.0
39363,243,2,1,1,2020-02-12 15:21:02.0,2020-02-12 15:21:02.0
39364,243,3,1,1,2020-02-12 15:21:02.0,2020-02-12 15:21:02.0
39365,2,1,3,1,2020-02-12 16:10:27.0,2020-02-12 16:10:27.0
39366,2,2,3,1,2020-02-12 16:10:27.0,2020-02-12 16:10:27.0
39367,2,3,3,1,2020-02-12 16:10:27.0,2020-02-12 16:10:27.0
39369,876,102,2,3,2020-03-10 16:37:17.0,2020-03-10 16:37:17.0
