module_skill_id,module_skill_key,module_id,skill_id,order_no,status,created_at,updated_at
5,2fe6fd8a197370b9716cdc8f532f023a,6,52,0,1,2017-11-23 14:14:00.0,2017-12-08 19:09:43.0
9,c62bd2901b94e450781a8bb41ca5999e,6,85,0,0,2017-11-28 13:19:13.0,2017-12-02 14:15:36.0
10,ba9c46ded25b2c11ca052a7f35fa8a11,6,45,0,0,2017-11-28 13:19:13.0,2017-12-02 14:15:36.0
11,e3a88bd7a76004b3cceb467dde872290,6,77,0,0,2017-11-28 13:19:13.0,2017-12-02 14:15:36.0
12,49dd8ede9b1c4256394a483bf04ea583,6,171,0,0,2017-11-28 13:19:13.0,2017-12-02 14:15:36.0
13,2cf49b5c660b06a1368130b90a71254d,6,21,0,0,2017-11-28 13:19:13.0,2017-12-02 14:15:36.0
18,e72fb0a3ddcf039a842410cffa0cc627,8,52,0,1,2017-12-03 21:43:31.0,2017-12-04 14:20:03.0
19,290f80e0269f0f57b3cf5a0a3f4e7755,8,1,0,1,2017-12-07 15:36:01.0,2017-12-07 15:36:01.0
20,cb854af69ff9ee89e156588b1047cf9d,8,5,0,1,2017-12-07 15:36:01.0,2017-12-07 15:36:01.0
21,25a2f0d9fbfbc34c5ae0d537947b075d,8,54,0,1,2017-12-07 15:36:01.0,2017-12-07 15:36:01.0
22,3bfd99a47ffd618932ebacc16d337c5f,8,62,0,1,2017-12-07 15:36:01.0,2017-12-07 15:36:01.0
23,876e07dab2e242fef44c912b644d1d85,8,85,0,1,2017-12-08 14:21:51.0,2018-04-12 16:53:22.0
24,09ae9e80b7bba241f50c48859e7fc4e1,9,1,0,1,2017-12-08 16:52:11.0,2017-12-08 16:52:11.0
25,6dba3dfe98d768604b49744154187b64,9,5,0,1,2017-12-08 16:52:11.0,2017-12-08 16:52:11.0
26,cf1d4ef43ee89d9da0e124b15801ab55,9,52,0,1,2017-12-08 16:52:11.0,2017-12-08 16:52:11.0
27,f1b5591d5c48da25b769f8c1d61e664d,9,54,0,1,2017-12-08 16:52:11.0,2017-12-08 16:52:11.0
28,93f9d7105d495eb8cb920142b3589bd6,9,62,0,1,2017-12-08 16:52:11.0,2017-12-08 16:52:11.0
29,ad5406e7ed9fee35e0934f6653c87638,6,1,0,1,2017-12-08 19:09:43.0,2017-12-08 19:09:43.0
30,66df4e3a9919139a42c46153123b5d91,6,5,0,1,2017-12-08 19:09:43.0,2017-12-08 19:09:43.0
31,faa2691b14e2c8615654ccf05b8452c4,6,54,0,1,2017-12-08 19:09:43.0,2017-12-08 19:09:43.0
32,8b1ae2f277e49ef99192a2ffaf324f90,6,62,0,1,2017-12-08 19:09:43.0,2017-12-08 19:09:43.0
35,eb64cfac95a23f4a321eeff83c9764c6,10,1,0,1,2017-12-08 19:44:48.0,2017-12-08 19:44:48.0
36,e6009be8a87a10ee8d6321536a8878e4,10,5,0,1,2017-12-08 19:44:48.0,2017-12-08 19:44:48.0
37,c11986b132988225a39c00fa48807917,10,52,0,1,2017-12-08 19:44:48.0,2017-12-08 19:44:48.0
38,1095af99910a2dcc1493bcd2f8d16667,10,54,0,1,2017-12-08 19:44:48.0,2017-12-08 19:44:48.0
39,abf8277e3fb3263eb683b200e8fbab18,10,62,0,1,2017-12-08 19:44:48.0,2017-12-08 19:44:48.0
40,afdf90cdeeaeedee297a78f8be1d9ce4,6,4,0,1,2017-12-13 14:27:03.0,2017-12-13 14:27:03.0
41,96900c0d7fb31a09e4cdd681e72ac228,6,83,0,0,2017-12-13 14:27:03.0,2017-12-13 14:27:49.0
42,5c53cafe05f2807e70dada5302183a6e,6,84,0,0,2017-12-13 14:27:03.0,2017-12-13 14:27:49.0
43,d75d7154c36a0319a367521890ae2764,6,87,0,0,2017-12-13 14:27:03.0,2017-12-13 14:27:49.0
44,f4cdd0424b6322952c19e639c57ec77c,6,88,0,0,2017-12-13 14:27:03.0,2017-12-13 14:27:49.0
45,ad9857b53a28c78d8a06b5331b6b7f73,6,89,0,0,2017-12-13 14:27:03.0,2017-12-13 14:27:49.0
46,c98cfba83f4b0ea7f319ba66f0f6d5dd,6,90,0,0,2017-12-13 14:27:03.0,2017-12-13 14:27:49.0
47,e9711c941670c0c5ad700eaf365bcdc3,6,91,0,0,2017-12-13 14:27:03.0,2017-12-13 14:27:49.0
48,aff356f93a678cceba41ea28f3e1df51,6,92,0,0,2017-12-13 14:27:03.0,2017-12-13 14:27:49.0
49,3dc0f8ecfbc637450b08d8150c8b0b7c,6,93,0,0,2017-12-13 14:27:03.0,2017-12-13 14:27:49.0
50,09a51c1948b485e48de0f9d956159154,6,94,0,0,2017-12-13 14:27:03.0,2017-12-13 14:27:49.0
51,83140b7cfd221df33289d90b319376b8,8,4,0,1,2017-12-13 14:28:50.0,2017-12-13 14:28:50.0
52,4ba635ddb239324eef52bfdfcd44fd47,8,83,0,1,2017-12-13 14:28:50.0,2017-12-13 14:28:50.0
53,45d06d436964f626da6c6d1b00c53bc5,8,84,0,1,2017-12-13 14:28:50.0,2017-12-13 14:28:50.0
54,5a0f03df9c2cf10dc6b43fa058cf25d1,8,87,0,1,2017-12-13 14:28:50.0,2017-12-13 14:28:50.0
55,607524328ec7e169dee7874e54e02121,8,88,0,1,2017-12-13 14:28:50.0,2017-12-13 14:28:50.0
56,c67fe68fb57df36a825c2f76d02f205b,8,89,0,1,2017-12-13 14:28:50.0,2017-12-13 14:28:50.0
57,401c6c46be30bc29346587402d4cce0c,8,90,0,1,2017-12-13 14:28:50.0,2017-12-13 14:28:50.0
58,44b3aad32da617b91c08a0e2186f4ae4,8,91,0,1,2017-12-13 14:28:50.0,2017-12-13 14:28:50.0
59,f37c130e708db5eae38300592fe9fbaf,8,92,0,1,2017-12-13 14:28:50.0,2017-12-13 14:28:50.0
60,8ef85ee9e0ce0aa56e039a371f6924af,8,93,0,1,2017-12-13 14:28:50.0,2017-12-13 14:28:50.0
61,d18868b6a75eafbee44ae421c3219b3f,8,94,0,1,2017-12-13 14:28:50.0,2017-12-13 14:28:50.0
62,af4cf50324a2efdb940f3ddb743217d1,11,79,0,1,2018-01-14 21:33:11.0,2018-09-27 19:33:43.0
63,4f21e3bdc7c873e031a6b2598f27ced2,11,80,0,1,2018-01-14 21:33:11.0,2018-09-27 19:33:43.0
64,11b56a01f9ed71040905e8a6e6f25d0b,11,81,0,0,2018-01-14 21:33:11.0,2018-01-14 21:33:29.0
65,98284de7c79ca1ed8560de43dfe5e5ff,11,86,0,0,2018-01-14 21:33:11.0,2018-09-27 19:33:58.0
66,9fee4f3fd4c7d70f71d3ff35448148ca,11,105,0,0,2018-01-14 21:33:11.0,2018-09-27 19:33:58.0
67,c0da01999acc4bad566800f58e2aacc6,11,58,0,1,2018-01-14 21:33:11.0,2018-09-27 19:33:43.0
68,1f849b9d2ac21a36b4cfbf01195fc504,11,78,0,1,2018-01-23 19:13:23.0,2018-09-27 19:33:43.0
69,bcddcace0637a3e19b2db3ccb727cb54,2,218,0,0,2018-04-04 21:44:00.0,2018-04-08 22:18:25.0
70,db39a0c7b494f5257579fd1b896e116a,2,219,0,0,2018-04-04 21:45:33.0,2018-04-08 22:18:25.0
71,e265c9894c514fadd6bb0737f30ec5b4,6,221,0,1,2018-04-04 21:47:38.0,2018-04-04 21:47:38.0
72,b7ab23f65f5dae02e0bcd188f67caf8e,8,79,0,1,2018-04-12 16:53:22.0,2018-04-12 16:53:22.0
73,ff7513bfc56cb30ceb365920ae205750,8,80,0,1,2018-04-12 16:53:22.0,2018-04-12 16:53:22.0
74,216ba399b76de5137ddafaa07060b159,8,81,0,1,2018-04-12 16:53:22.0,2018-04-12 16:53:22.0
75,c57d7b188e2c3fc38ad8f6e04f259ec7,19,227,0,1,2018-04-20 15:32:21.0,2018-04-20 16:15:57.0
76,0e975c0ecca0620131af38e09991a436,17,218,0,1,2018-04-20 16:56:42.0,2018-04-20 16:56:42.0
77,8e67dc9816ba1643019a85f5ac15032b,14,230,0,1,2018-04-20 17:14:40.0,2018-04-20 17:14:40.0
78,10a4881650e8bd8c684548527774f40b,20,98,0,0,2018-04-20 18:53:03.0,2018-09-13 15:21:40.0
79,50b15c20235e01bb10acfd6e06a3407e,20,101,0,0,2018-04-20 18:53:03.0,2018-09-13 15:21:40.0
80,2afc041bd037f18a5dc80dbc4c8751f8,20,242,0,0,2018-04-20 18:53:03.0,2018-09-13 15:21:40.0
81,09b1ca7f0fc45020136a1c698a89bf88,20,236,0,0,2018-04-20 18:53:03.0,2018-09-13 15:21:40.0
82,14b779de654548dfd501a730c032ffd8,20,100,0,0,2018-04-20 19:41:57.0,2018-09-13 15:21:40.0
83,79e81cbb6250530d6cc265d9c81f7c55,20,131,0,0,2018-04-20 19:41:57.0,2018-09-13 15:21:40.0
84,a032eeb22792a71a3311712d7d53f929,20,134,0,0,2018-04-20 19:41:57.0,2018-09-13 15:21:40.0
85,4938a0736f22a7332caefea4ab2575f7,20,135,0,0,2018-04-20 19:41:57.0,2018-09-13 15:21:40.0
86,333ceb7719e1c0ca66decfd8305adc07,20,137,0,0,2018-04-20 19:41:57.0,2018-09-13 15:21:40.0
87,22507e54f14859d047965cf649d9addf,20,138,0,0,2018-04-20 19:41:57.0,2018-09-13 15:21:40.0
88,cd253a42fc9cfcdebf297c4f478e40d3,20,139,0,0,2018-04-20 19:41:57.0,2018-09-13 15:21:40.0
89,27a7923a39bfabbc250c7eea19f9ecf7,21,482,0,0,2018-04-25 20:26:54.0,2018-09-27 15:50:40.0
90,9998fcc4ab3b33d9d901a2e18d45039d,9,6,0,1,2018-06-11 19:26:38.0,2018-06-11 19:26:38.0
91,166b98291a1c3feb51b5a759ffb30d6c,9,79,0,1,2018-06-11 19:26:38.0,2018-06-11 19:26:38.0
92,de37d458f2563a2b84cc1a009ee5dfa5,9,80,0,1,2018-06-11 19:26:38.0,2018-06-11 19:26:38.0
93,e144f2aa177fec463f50e7aefc22e5fa,9,526,0,1,2018-06-11 19:26:38.0,2018-06-11 19:26:38.0
94,9bdfdae86f8f5988554d316e542ae881,9,527,0,1,2018-06-11 19:26:38.0,2018-06-11 19:26:38.0
95,e736dea52ac0c5c41891c4d70dca90dd,9,209,0,1,2018-06-11 19:26:38.0,2018-06-11 19:26:38.0
96,aea2b447721d962399e692ac307153a4,9,482,0,1,2018-06-11 19:26:38.0,2018-06-11 19:26:38.0
97,0b541d0290bd5814e6a3b2ac9ccb1aa3,9,483,0,1,2018-06-11 19:26:39.0,2018-06-11 19:26:39.0
98,c4870f14618e31a963cc1a592c525377,9,484,0,1,2018-06-11 19:26:39.0,2018-06-11 19:26:39.0
99,f811257d6d6ebeea61ef371301c46000,9,485,0,1,2018-06-11 19:26:39.0,2018-06-11 19:26:39.0
100,41785ccb6f887d6878b84bf67c8eea0d,9,486,0,1,2018-06-11 19:26:39.0,2018-06-11 19:26:39.0
101,c727bca37c246a3becfc321abe674f4d,9,487,0,1,2018-06-11 19:26:39.0,2018-06-11 19:26:39.0
102,7633a4079b1916511ad3686c3827b742,9,488,0,1,2018-06-11 19:26:39.0,2018-06-11 19:26:39.0
103,2957090b089630e7bc7e02e3b24d601c,9,489,0,1,2018-06-11 19:26:39.0,2018-06-11 19:26:39.0
104,5ce81339f779c1c365209423d7d34980,9,490,0,1,2018-06-11 19:26:39.0,2018-06-11 19:26:39.0
105,7142dec3539f8b3efdfc752ee5414037,9,491,0,1,2018-06-11 19:26:39.0,2018-06-11 19:26:39.0
106,51defe72b42b3e2cc62324b579373ffb,9,492,0,1,2018-06-11 19:26:39.0,2018-06-11 19:26:39.0
107,c639ff70b7c6e2c1173240334ac58ace,9,493,0,1,2018-06-11 19:26:39.0,2018-06-11 19:26:39.0
108,ab96643beca87efc334d3a9eaf05f31b,9,494,0,1,2018-06-11 19:26:39.0,2018-06-11 19:26:39.0
109,2ad26509d9f6019409028623d5d438ee,9,495,0,1,2018-06-11 19:26:39.0,2018-06-11 19:26:39.0
110,a0f5f10750634b452fa6601b1648f7fc,9,496,0,1,2018-06-11 19:26:39.0,2018-06-11 19:26:39.0
111,97de47e791bcc043247ccb8851f4927e,9,498,0,1,2018-06-11 19:26:39.0,2018-06-11 19:26:39.0
112,0b323d7167181c2c606b61bebac3d713,6,79,0,1,2018-06-11 19:39:27.0,2018-06-11 19:39:27.0
113,f19581fc82f319a57a0495fceb64b436,6,80,0,1,2018-06-11 19:39:27.0,2018-06-11 19:39:27.0
114,8e9c61ae372b19018770c011b3330531,6,526,0,1,2018-06-11 19:39:27.0,2018-06-11 19:39:27.0
115,bd7b75e1079a9281e1a0462deab5ac38,6,527,0,1,2018-06-11 19:39:27.0,2018-06-11 19:39:27.0
116,6711c1b7a6212f9b1cb0aa1bec7c0a9c,6,209,0,1,2018-06-11 19:39:27.0,2018-06-11 19:39:27.0
117,3db8b3e6e5263257bcba75ee4816c408,6,482,0,1,2018-06-11 19:39:27.0,2018-06-11 19:39:27.0
118,ff615e3feb3de49b9e60d2a56d1b66ea,6,483,0,1,2018-06-11 19:39:27.0,2018-06-11 19:39:27.0
119,bc5686b83ed72c33a17fcf8f20d95cfa,6,484,0,1,2018-06-11 19:39:27.0,2018-06-11 19:39:27.0
120,33f8c032523226ea076ec088721328f7,6,485,0,1,2018-06-11 19:39:27.0,2018-06-11 19:39:27.0
121,ff17ac6217989996d645035db676796f,6,486,0,1,2018-06-11 19:39:27.0,2018-06-11 19:39:27.0
122,fb6d99608e489bb6dfe7a75cef7b8a19,6,487,0,1,2018-06-11 19:39:27.0,2018-06-11 19:39:27.0
123,691a8abc45b82e8f104a423cf070f52e,6,488,0,1,2018-06-11 19:39:27.0,2018-06-11 19:39:27.0
124,8f2dfb44725025ad6ea5918c38da2a32,6,489,0,1,2018-06-11 19:39:28.0,2018-06-11 19:39:28.0
125,b714eb9e7ea323e2ec71b32870b9455b,6,490,0,1,2018-06-11 19:39:28.0,2018-06-11 19:39:28.0
126,23408bb7155aeb86b0e259eec24641aa,6,491,0,1,2018-06-11 19:39:28.0,2018-06-11 19:39:28.0
127,28e30fcfcf6b9cd230c33f4d5f458dae,6,492,0,1,2018-06-11 19:39:28.0,2018-06-11 19:39:28.0
128,6e13b77f1591779cf35d889f85fceb9b,6,493,0,1,2018-06-11 19:39:28.0,2018-06-11 19:39:28.0
129,079d2ce6e6f9960bfde94638fbc55039,6,494,0,1,2018-06-11 19:39:28.0,2018-06-11 19:39:28.0
130,966a7fcda3962edf7f3aa914a4e860e6,6,495,0,1,2018-06-11 19:39:28.0,2018-06-11 19:39:28.0
131,1a6cd2e50ff81a44932b17310e88f162,6,496,0,1,2018-06-11 19:39:28.0,2018-06-11 19:39:28.0
132,9a248ee90d3d47c14567948ff22a367e,6,498,0,1,2018-06-11 19:39:28.0,2018-06-11 19:39:28.0
133,d61b1a21de7e47b5d72aa6b6b84b3c51,22,249,0,1,2018-06-11 19:48:40.0,2018-06-11 19:48:40.0
134,8351c566c8823ce31c918fa4199af32c,24,13,0,0,2018-06-11 19:52:58.0,2018-06-26 18:33:29.0
135,7c0c52a6081bb289ef34e704c8a255cf,25,8,0,1,2018-06-11 20:02:49.0,2018-06-11 20:02:49.0
136,8db566324020df8db0a78a0f7fb22f96,26,9,0,1,2018-06-11 20:17:57.0,2018-06-11 20:17:57.0
137,f7dff943ba469d7fd955fee02d61c6cb,27,11,0,1,2018-06-11 20:32:34.0,2018-06-11 20:32:34.0
138,9b059a4c2d45120c897e31f4225dca05,28,14,0,1,2018-06-11 20:46:34.0,2018-06-11 20:46:34.0
139,37a2667204a0cd0f338ed184e27b2067,29,15,0,1,2018-06-11 21:03:56.0,2018-06-11 21:03:56.0
140,66f1da65fcf13cfb5330846260997188,30,16,0,1,2018-06-11 21:19:40.0,2018-06-11 21:19:40.0
141,edb8c8b3b2aa2278cccc87d9e0b94d26,31,19,0,1,2018-06-11 21:32:20.0,2018-06-11 21:32:20.0
142,1665c82e0f0258c3e54ec01b5f131c90,32,50,0,1,2018-06-11 21:40:04.0,2018-06-11 21:40:04.0
143,7e3a46f0c6c204366549c73aa493e046,33,208,0,1,2018-06-12 16:57:30.0,2018-06-12 16:57:30.0
144,ca8f0305927e67e0eb47ebc544bdd209,34,20,0,1,2018-06-12 16:59:24.0,2018-06-12 16:59:24.0
145,cafda022bc76ea9edb853473d50dd693,35,21,0,1,2018-06-12 17:06:23.0,2018-06-12 17:06:23.0
146,b6f25a703060c9b39206d256833deec4,36,95,0,1,2018-06-12 17:14:28.0,2018-06-12 17:14:28.0
147,bbe2cc89a716359e38955c3e3af98d96,37,22,0,1,2018-06-12 17:19:53.0,2018-06-12 17:19:53.0
148,0133952d59b4d2455023ee1ffa5de982,38,27,0,1,2018-06-12 17:30:33.0,2018-06-12 17:30:33.0
149,e09f92c1f76d1e33c3a296d98d8f63ac,39,29,0,1,2018-06-12 17:36:00.0,2018-06-12 17:36:00.0
150,7bf6ee0a5da700832a4df3867194bc43,41,23,0,1,2018-06-12 18:36:06.0,2018-06-12 18:36:06.0
151,a0a8862d726b0a9aa7a5cafcb07cba40,42,25,0,1,2018-06-12 18:59:21.0,2018-06-12 18:59:21.0
152,0509b4b00c4296cf47f0754ac78b1e32,43,26,0,1,2018-06-12 19:09:17.0,2018-06-12 19:09:17.0
153,ae5ff82ee961647fffa8ecc0588f9008,41,26,0,0,2018-06-12 19:13:21.0,2018-06-26 18:10:33.0
154,5d0137784432534d409e879c301cf463,44,28,0,0,2018-06-12 19:15:30.0,2018-11-07 22:20:05.0
155,c7f89fb9228fa0e7f65d04b10805972f,41,34,0,1,2018-06-12 19:23:20.0,2018-06-12 19:23:20.0
156,a2b23c67a3d4288925d1565f683bfba4,46,85,0,1,2018-06-12 19:35:05.0,2018-06-12 19:35:05.0
157,2b074c51aaf4113d5b7d38c746b8a562,47,69,0,0,2018-06-13 16:54:43.0,2018-09-14 20:19:01.0
158,e783b3951014df100b0266369cbbbf14,47,71,0,1,2018-06-13 16:54:43.0,2018-09-14 20:43:26.0
159,1ee0f1d3a3e46a6edc83b4d27cc92f9b,47,117,0,1,2018-06-13 16:54:43.0,2018-09-14 20:43:27.0
160,3de2f98467a7b959f8fe9321fd92dfb5,47,118,0,1,2018-06-13 16:54:43.0,2018-09-14 20:43:27.0
161,c2e2af8b6ea5e365b90a28d16ee5569d,47,119,0,1,2018-06-13 16:54:43.0,2018-09-14 20:43:27.0
162,e470d553a6a6ae7eecdfc7f975b2e40a,47,36,0,1,2018-06-13 16:54:43.0,2018-09-14 20:43:27.0
163,df3b4cd0afde4370c4ffc21e5058ca16,47,70,0,0,2018-06-13 16:56:21.0,2018-09-14 20:19:01.0
164,a48d936d59dc60f982c982e75b48608b,47,72,0,1,2018-06-13 16:56:21.0,2018-09-14 20:43:26.0
165,815ce0690bfa58b4a8a24340b1dd7d31,47,116,0,1,2018-06-13 16:56:21.0,2018-09-14 20:43:26.0
166,8ef4b2e4585b0779f0dbba95723b9d90,48,38,0,1,2018-06-13 16:59:19.0,2018-06-13 16:59:19.0
167,8e334389dd1e7b823b0acc02371c5b9a,49,65,0,1,2018-06-13 17:34:27.0,2018-06-13 17:34:27.0
168,b90015594d309ff8f3c4677983878acc,50,67,0,1,2018-06-13 17:36:03.0,2018-06-13 17:36:03.0
169,d6c5511119f560363e1922e532dc1bee,49,37,0,1,2018-06-13 17:40:06.0,2018-06-13 17:40:06.0
170,6cf346924e498650bd5a992856b91589,51,49,0,1,2018-06-13 17:42:56.0,2018-06-13 17:42:56.0
171,2dd532780e9dcb03fd67bc41799c7110,52,73,0,0,2018-06-13 17:51:22.0,2018-11-07 22:20:30.0
172,624ad7549412a1f94d8ed4b7f3dcf58b,53,53,0,1,2018-06-13 18:01:39.0,2018-06-13 18:01:39.0
173,151657e8e147f84bdce02411d31baecd,54,40,0,1,2018-06-13 18:04:49.0,2018-06-13 18:04:49.0
174,e2dbd8789d9d19e09d30e05b1a0a5785,55,41,0,1,2018-06-13 18:09:57.0,2018-06-13 18:09:57.0
175,4496d8cead3fe748c35021a7d2f3c976,57,42,0,1,2018-06-13 18:22:26.0,2018-06-13 18:22:26.0
176,2fab214cbd3ca279fdacc7ca50969bcb,58,44,0,1,2018-06-13 18:25:22.0,2018-06-13 18:25:22.0
177,a12092504f5618afa37db5d6744836e4,59,45,0,1,2018-06-13 18:33:30.0,2018-06-13 18:33:30.0
178,88b9ffb03d8379d4aa51537da56ee7df,60,46,0,1,2018-06-13 18:40:00.0,2018-06-13 18:40:00.0
179,4bf9b7705f6719f443a3bd84b62b0cef,61,47,0,1,2018-06-13 18:45:52.0,2018-06-13 18:45:52.0
180,2e56c4f0459e7f2e08fae403620de46d,62,48,0,1,2018-06-13 18:57:47.0,2018-06-13 18:57:47.0
181,6eb94a33b29049a942e78e7efa712a5b,64,525,0,1,2018-06-13 19:04:46.0,2018-06-13 19:04:46.0
182,58150752a5a57dd6bb3026b90634f9e0,65,83,0,1,2018-06-13 19:09:41.0,2018-06-13 19:09:41.0
183,6039bf924bc7710fba22436ea2e63c22,66,88,0,1,2018-06-13 19:15:17.0,2018-06-13 19:15:17.0
184,36b82ba363a78332648c85594960ec9a,67,75,0,1,2018-06-13 19:32:40.0,2018-06-13 19:32:40.0
185,37007dd7097db5f97445004256a46b1a,68,76,0,0,2018-06-13 19:38:56.0,2018-06-13 19:48:33.0
186,71b08f9a998b83260efea55191241aba,69,76,0,1,2018-06-13 19:49:50.0,2018-06-13 19:49:50.0
187,ad867b36896925701ffbda8d316fbc48,70,77,0,1,2018-06-13 19:56:04.0,2018-06-13 19:56:04.0
188,0292b01f15f0ecec8b30184d57ee6e05,71,78,0,1,2018-06-13 20:05:32.0,2018-06-13 20:05:32.0
189,afa3657995881e24ad1eae37e244008b,73,79,0,0,2018-06-14 00:22:28.0,2018-09-26 16:43:47.0
190,3fa4a08361e5170a9fbe043b3c9ab673,72,79,0,1,2018-06-14 00:25:32.0,2018-06-14 00:25:32.0
191,d2a35d9050adc402bcc4c633ac38d766,72,80,0,1,2018-06-14 00:25:32.0,2018-06-14 00:25:32.0
192,25952fc5a21dfc636bdd0027b5a819c9,72,81,0,0,2018-06-14 00:25:32.0,2018-06-26 16:54:28.0
193,9a4598d72bf6009de939b84a6d71d967,74,86,0,0,2018-06-14 00:40:03.0,2018-09-13 15:46:44.0
194,051455c8f4540c51d56a37887a4d1a91,74,105,0,0,2018-06-14 00:40:03.0,2018-09-13 15:46:44.0
195,ea215b20312ae7d521409eb47414af86,74,82,0,0,2018-06-14 00:44:21.0,2018-09-12 14:56:29.0
196,e332a97989260c28a53920368370d850,74,97,0,0,2018-06-14 00:44:21.0,2018-09-13 15:46:44.0
197,88eb210b5a41a782ca53bce6e35f3fbb,74,98,0,0,2018-06-14 00:44:21.0,2018-09-12 14:56:29.0
198,1b2da18575e66036824306b19911815b,74,100,0,0,2018-06-14 00:44:21.0,2018-09-12 14:56:29.0
199,bb4d04503324d8928d6b8104caf2ce1c,74,101,0,0,2018-06-14 00:44:21.0,2018-09-12 14:56:30.0
200,789a778d270da0b5e8aa2d737a82419a,74,102,0,0,2018-06-14 00:44:21.0,2018-09-13 15:46:44.0
201,66bca2c8f1bc5d6e398e77c8aee3c2c5,74,104,0,0,2018-06-14 00:44:21.0,2018-09-13 15:41:10.0
202,e83f73698bc1735b291ca4da50f510c2,74,112,0,0,2018-06-14 00:44:21.0,2018-09-12 14:56:30.0
203,e83243c35c9d6a9277553adb3d578f8d,74,113,0,0,2018-06-14 00:44:21.0,2018-09-12 14:56:30.0
204,1a50679bcafc07a85270cab97b9211a9,74,121,0,0,2018-06-14 00:44:21.0,2018-09-12 14:56:30.0
205,0ac4f33d59ee25f7002ba801f431c8fe,74,122,0,0,2018-06-14 00:44:21.0,2018-09-13 15:46:44.0
206,e0a0b5084ebb9469e3bf7b2a689373f9,74,123,0,0,2018-06-14 00:44:21.0,2018-09-12 14:56:30.0
207,c96995e323568b8feee62a1335b69531,74,125,0,0,2018-06-14 00:44:21.0,2018-09-12 14:56:30.0
208,f2879f58f2387096a0c86bb7afbcb01f,74,126,0,0,2018-06-14 00:44:21.0,2018-09-12 14:56:30.0
209,da7560ab1544cdcd513e5c3c635781ba,74,129,0,0,2018-06-14 00:44:21.0,2018-09-12 14:56:30.0
210,ee740cd4cb53e33de4c534d86652b51f,74,134,0,0,2018-06-14 00:44:21.0,2018-09-12 14:56:30.0
211,eae0de04640ada12aeab46a95155c740,74,135,0,0,2018-06-14 00:44:21.0,2018-09-12 14:56:30.0
212,175caeb21d2c5f28c43c3b623a9045c5,74,136,0,0,2018-06-14 00:44:21.0,2018-09-13 15:46:44.0
213,3d4b0cad776206155d9c75046073a08c,74,137,0,0,2018-06-14 00:44:21.0,2018-09-12 14:56:30.0
214,3135dfa37fcf51d2af9f8674153c8bb9,74,138,0,0,2018-06-14 00:44:21.0,2018-09-12 14:56:30.0
215,9052b2b2584171ed747529eb7e842ae8,74,139,0,0,2018-06-14 00:44:21.0,2018-09-12 14:56:30.0
216,682fde7ae56fe26d389a8618df6af3fe,75,97,0,0,2018-06-14 00:53:51.0,2018-09-12 16:29:55.0
217,c50a1dfb30cfed822897e8a50ab047dc,75,104,0,0,2018-06-14 00:53:51.0,2018-09-12 16:29:55.0
218,11bf3cc62e241dc7b3857b2de52e7e7b,76,58,0,1,2018-06-14 00:59:38.0,2018-06-14 00:59:38.0
219,dc2d8baecb6d6c18d9677a7a2253c3d6,77,82,0,1,2018-06-14 02:39:07.0,2018-06-14 02:39:07.0
220,b723019ec7a42b0e0b59872cf59acbd0,19,106,0,1,2018-06-14 02:42:43.0,2018-06-14 02:42:43.0
221,629315e570ad091eadfd4693ecb4dfc5,19,141,0,1,2018-06-14 02:42:43.0,2018-06-14 02:42:43.0
222,3bdb66dedbbad789258f74114f13a8d7,17,106,0,1,2018-06-14 02:44:45.0,2018-06-14 02:44:45.0
223,353359db5e5ab17109054b21bba4b450,17,141,0,1,2018-06-14 02:44:46.0,2018-06-14 02:44:46.0
224,1f5821e58aee929ed4da544cbabd6a0c,14,106,0,1,2018-06-14 02:45:22.0,2018-06-14 02:45:22.0
225,2c431d50a7942db6af318a4f222a8e61,14,141,0,1,2018-06-14 02:45:22.0,2018-06-14 02:45:22.0
226,1c4cb7e92d5db2f1c358835f7ea0e1da,78,106,0,0,2018-06-14 02:52:31.0,2018-09-13 18:57:26.0
227,6574e1225ea9114398d2f94f35317ab9,78,141,0,1,2018-06-14 02:52:31.0,2018-06-14 02:52:31.0
228,6710ed5cfc4085e1506249a46b0d3aad,79,106,0,0,2018-06-14 03:08:33.0,2018-09-26 17:54:21.0
229,6543782ab1ecdafba2f898c88751740c,79,141,0,0,2018-06-14 03:08:33.0,2018-09-26 17:54:21.0
230,2105d433b82e2e67c698fbe2e66212db,80,106,0,1,2018-06-14 03:11:09.0,2018-06-14 03:11:09.0
231,a84ba93779548c71e3a073dfa93bf677,80,141,0,1,2018-06-14 03:11:09.0,2018-06-14 03:11:09.0
232,f95afffce66f069b5645c49560666303,80,107,0,1,2018-06-14 03:15:23.0,2018-06-14 03:15:23.0
233,a50026643a9094ffc056e9f5c7ed0448,80,108,0,1,2018-06-14 03:15:23.0,2018-06-14 03:15:23.0
234,695915962632156b21c5b3a8a7316cf5,80,109,0,1,2018-06-14 03:15:23.0,2018-06-14 03:15:23.0
235,7f8f09fe9633176695c3e05420fc3ddf,81,110,0,1,2018-06-14 03:16:24.0,2018-06-14 03:16:24.0
236,50c9c7639a91581fc8d4f74fdf1dd4ab,82,111,0,1,2018-06-14 03:19:13.0,2018-06-14 03:19:13.0
237,f2b5690e1125fffa66fbcb4f0eb3af39,83,124,0,1,2018-06-14 03:25:18.0,2018-06-14 03:25:18.0
238,be701806d3958dfda07ee96ed4f32b6c,74,128,0,0,2018-06-14 03:34:36.0,2018-09-12 14:56:30.0
239,95b7298df1e146f6938eaaef3efcc775,74,130,0,0,2018-06-14 03:34:36.0,2018-09-12 14:56:30.0
240,fb51d7d2f818243da97235cba0f0dd4a,47,131,0,0,2018-06-14 14:09:03.0,2018-09-14 19:53:41.0
241,05981bbc1b7b1086fb6eff3982567c1e,47,132,0,0,2018-06-14 14:09:03.0,2018-09-14 19:53:41.0
242,c3ec6b44b061d4d22f820b5c5174b584,47,136,0,0,2018-06-14 14:09:03.0,2018-09-14 19:53:41.0
243,4cab48fc1f5e6e91ed589fe89576a6fc,47,137,0,0,2018-06-14 14:09:03.0,2018-09-14 20:43:26.0
244,7f61c6e124dd40aa9e7c13b809840799,47,138,0,0,2018-06-14 14:09:03.0,2018-09-14 19:53:41.0
245,75750d203689d8fd70584a361b618604,83,206,0,0,2018-06-14 14:12:22.0,2018-06-14 14:17:58.0
246,40331eedbecfc0027db1d3cbd425df89,84,206,0,0,2018-06-14 14:19:46.0,2018-06-14 14:20:12.0
247,fc9150a805108a18721e863ee29e59f6,84,128,0,1,2018-06-14 14:20:12.0,2018-06-14 14:20:12.0
248,9333e1cdc805c7601c71d872b575eb02,84,130,0,1,2018-06-14 14:20:12.0,2018-06-14 14:20:12.0
249,dd33883e2acf59df76f139654fdfacb7,85,206,0,1,2018-06-14 14:20:42.0,2018-06-14 14:20:42.0
250,0b96bfd529c1dc8badb25c49a3c1e559,86,28,0,1,2018-06-14 14:32:44.0,2018-06-14 14:32:44.0
251,db4f19a0a60f14ee9c5377b39ddc2ad8,87,526,0,1,2018-06-14 14:47:52.0,2018-06-14 14:47:52.0
252,3c510727800f4148379573fadf84f995,88,529,0,0,2018-06-14 14:55:15.0,2018-09-25 15:24:28.0
253,020723501b0b51036e1a03b728b9cc83,89,209,0,1,2018-06-14 15:02:02.0,2018-06-14 15:02:02.0
254,98b35721d5b240a440578fbc60267124,90,209,0,0,2018-06-14 15:09:23.0,2018-09-19 19:12:55.0
255,f02f96cbcfbc633b3b3c6f1bc171c8bc,90,482,0,0,2018-06-14 15:09:23.0,2018-09-20 18:17:56.0
256,d77eadba8591ca43b54b62229b3e99cf,90,484,0,0,2018-06-14 15:09:23.0,2018-09-19 20:20:54.0
257,0c501ebef2e1dcd37926e6f1fce97e34,90,485,0,0,2018-06-14 15:09:23.0,2018-09-19 20:26:21.0
258,842f0330949a1bf3d151341b7c204101,90,486,0,0,2018-06-14 15:09:23.0,2018-09-20 18:17:56.0
259,74b9926561faa99f730283f70a491efb,90,487,0,0,2018-06-14 15:09:23.0,2018-09-20 18:17:56.0
260,bc044ea8f372cace54e6eed0a6478548,90,488,0,0,2018-06-14 15:09:23.0,2018-10-10 19:55:29.0
261,4281e8c3ce415cca6fa83b42ec239454,90,491,0,0,2018-06-14 15:09:23.0,2018-09-20 18:17:56.0
262,6099a57eaeffc47415b569dda0016caa,90,496,0,0,2018-06-14 15:09:23.0,2018-10-10 19:55:29.0
263,ebde20bfcf80318685b13f83f1aa647c,90,142,0,0,2018-06-14 15:09:23.0,2018-10-10 19:55:29.0
264,6feb3049756df03432d2a7abcf482914,90,145,0,0,2018-06-14 15:09:23.0,2018-10-10 19:55:29.0
265,db186e9a7a69256c68d6c8997cfd1e33,90,146,0,0,2018-06-14 15:09:24.0,2018-10-10 19:55:29.0
266,45a3570cdc0d847e95cc3c34e2e7f95c,90,147,0,0,2018-06-14 15:09:24.0,2018-10-10 19:55:29.0
267,0ec39b08d1a185892eb2bd1bfef2045b,90,148,0,0,2018-06-14 15:09:24.0,2018-10-10 19:55:29.0
268,b90a019011e530faf2fb20b5f8ebe09e,90,149,0,0,2018-06-14 15:09:24.0,2018-10-10 19:55:29.0
269,9fa47ee24dbe357b705f6c7b84bf63ab,91,482,0,1,2018-06-14 15:12:31.0,2018-06-14 15:12:31.0
270,f3e10083abf81a8f1c8afc34af1c9a7f,91,491,0,1,2018-06-14 15:12:31.0,2018-06-14 15:12:31.0
271,7408d6bbe3e29fe6220443b67b123778,91,143,0,1,2018-06-14 15:12:31.0,2018-06-14 15:12:31.0
272,e67732e6c76e9eaa2d416dd830db252a,92,529,0,1,2018-06-14 15:17:16.0,2018-06-14 15:17:16.0
273,15cd0f1f6398e52fa31b39f25e2b03e6,92,142,0,1,2018-06-14 15:17:16.0,2018-06-14 15:17:16.0
274,f4ddeecf0a6f7ca295da25acfe916b80,92,143,0,1,2018-06-14 15:17:16.0,2018-06-14 15:17:16.0
275,07fcdf8a5ae6adcceccae1a120153728,92,144,0,1,2018-06-14 15:17:16.0,2018-06-14 15:17:16.0
276,44299ffa22c6d6fbca6fd5f968898dc5,92,145,0,1,2018-06-14 15:17:16.0,2018-06-14 15:17:16.0
277,c1eaaeb9e9156ae71cb1a408b7228f2e,92,146,0,1,2018-06-14 15:17:16.0,2018-06-14 15:17:16.0
278,effce8d50365736b9ba98c14d4f348e6,92,147,0,1,2018-06-14 15:17:16.0,2018-06-14 15:17:16.0
279,994f76c691b74a4998c498cb47d15ef2,92,148,0,1,2018-06-14 15:17:17.0,2018-06-14 15:17:17.0
280,d5b6c5f81a322079de471ab258aaa69b,92,149,0,1,2018-06-14 15:17:17.0,2018-06-14 15:17:17.0
281,9b9e9d4fe0f891969d28f19876d4c986,92,150,0,1,2018-06-14 15:17:17.0,2018-06-14 15:17:17.0
282,96016356c00954d0a956582fc5077bd6,92,154,0,1,2018-06-14 15:17:17.0,2018-06-14 15:17:17.0
283,eefb8e07ab9e0d3d82b038e9d9ac386e,92,155,0,1,2018-06-14 15:17:17.0,2018-06-14 15:17:17.0
284,b5df79aa4238553cbb08a0a91e118194,92,156,0,1,2018-06-14 15:17:17.0,2018-06-14 15:17:17.0
285,dceba5d8f1f345e7521e1acc15ddd808,92,157,0,1,2018-06-14 15:17:17.0,2018-06-14 15:17:17.0
286,d1d3b43c7a24ce41d99e673a3b1bb0c8,92,158,0,1,2018-06-14 15:17:17.0,2018-06-14 15:17:17.0
287,d91371531ff5ef81ecfb6db092b8d9f4,92,207,0,1,2018-06-14 15:17:17.0,2018-06-14 15:17:17.0
288,459d98b6e1852f3e956d5912b7dca3cd,93,483,0,1,2018-06-14 15:23:59.0,2018-06-14 15:23:59.0
289,c3e1b82e4e392320fb18d769cbdf4b2a,93,144,0,1,2018-06-14 15:23:59.0,2018-06-14 15:23:59.0
290,b40b424d7f0ccecc3df4358d00884e69,94,484,0,1,2018-06-14 15:28:10.0,2018-06-14 15:28:10.0
291,f3d97aadc7e0204c76f3a8f89a662e26,95,484,0,0,2018-06-14 15:35:34.0,2018-06-14 15:37:06.0
292,5557f940eafb6cf7cb62e3eab70bcd75,95,485,0,1,2018-06-14 15:37:06.0,2018-06-14 15:37:06.0
293,bef09032eff809ea536fb6a78a79c759,96,486,0,1,2018-06-14 15:43:26.0,2018-06-14 15:43:26.0
294,2fc3e3f639f1cdc70d92213bc351b48c,96,146,0,1,2018-06-14 15:43:26.0,2018-06-14 15:43:26.0
295,2b222dda87112b26e36fc91e47232b63,97,487,0,1,2018-06-14 15:46:48.0,2018-06-14 15:46:48.0
296,2f03307dc48bcf5cc25bff2239732734,98,488,0,1,2018-06-14 15:53:33.0,2018-06-14 15:53:33.0
297,38298ac0b239b0d2a347615c46536c6a,98,149,0,1,2018-06-14 15:53:33.0,2018-09-26 16:35:58.0
298,a3b9202b13bbf8a2f902b94268ff541c,99,489,0,1,2018-06-14 15:56:49.0,2018-06-14 15:56:49.0
299,ece846aa7933a4db64b2297f4f44e677,99,156,0,1,2018-06-14 15:56:49.0,2018-06-14 15:56:49.0
300,59b2207e8242bae374e2603081a93698,100,490,0,1,2018-06-14 16:03:10.0,2018-06-14 16:03:10.0
301,67a56baadcb0143eb7d813b7342b4963,100,155,0,1,2018-06-14 16:03:10.0,2018-06-14 16:03:10.0
302,9b60bc364f98ddd7b34936184f40c2dc,101,492,0,0,2018-06-14 16:06:21.0,2018-10-12 17:26:25.0
303,4af00d62ccc848cf5ac0d07aa5a186b2,101,151,0,0,2018-06-14 16:06:21.0,2018-10-12 17:26:25.0
304,f61d5ee0dc2f940aabec875d70f1df06,102,493,0,1,2018-06-14 16:09:39.0,2018-06-14 16:09:39.0
305,dc4be58bf06253072680197c0d65103b,102,207,0,1,2018-06-14 16:09:39.0,2018-06-14 16:09:39.0
306,a6c8d8f568115fa913444b28a1279b2c,103,494,0,1,2018-06-14 16:14:46.0,2018-06-14 16:14:46.0
307,c4799c4f71479b3e51313d4159a7ba89,103,495,0,1,2018-06-14 16:14:46.0,2018-06-14 16:14:46.0
308,59dbe7c80f063a0034849faf34b91c9a,104,498,0,1,2018-06-14 16:29:13.0,2018-06-14 16:29:13.0
309,32d293aa58837053365fedf93e2ccbfd,92,528,0,0,2018-06-14 16:31:32.0,2018-09-19 18:47:32.0
310,bf7d3d1505b284e34646dbcc89222448,92,151,0,1,2018-06-14 16:31:32.0,2018-06-14 16:31:32.0
311,304e6f40dfee0b1992f451f62479b8f7,92,153,0,1,2018-06-14 16:31:32.0,2018-06-14 16:31:32.0
312,2e7819489a8911a2110fd4edda199c0e,106,160,0,1,2018-06-14 16:49:45.0,2018-06-14 16:49:45.0
313,4bc2681e90cc230fccece6ed20b29be9,107,179,0,1,2018-06-14 17:01:02.0,2018-06-14 17:01:02.0
314,da40eedd4f95d0377b3793ca6ad77959,108,180,0,1,2018-06-14 17:06:39.0,2018-06-14 17:06:39.0
315,07ed6b24c3f284ef1d4bb4b06cf41420,120,64,0,1,2018-06-15 17:43:47.0,2018-06-15 17:43:47.0
316,ed2bc413aa2e44a76b8028eb76594f4f,121,66,0,1,2018-06-15 17:44:13.0,2018-06-15 17:44:13.0
317,aaf033fc829371aefeadddb223323ffd,122,184,0,1,2018-06-15 17:49:17.0,2018-06-15 17:49:17.0
318,49b39128df4dbbc7b0d94444af02be69,123,185,0,1,2018-06-15 18:01:32.0,2018-06-15 18:01:32.0
319,c812f1fe2997bf07c4375b285991b5b5,124,186,0,0,2018-06-15 18:04:16.0,2018-10-09 19:12:59.0
320,c006a3f839fc834ce7581270a4fbfaa2,125,187,0,1,2018-06-15 18:07:39.0,2018-06-15 18:07:39.0
321,4fcbc125d9d0d1c725af26c7f96af994,126,188,0,1,2018-06-15 18:26:25.0,2018-06-15 18:26:25.0
322,83011e245ba03bc4e38183d5bd727e3d,127,189,0,1,2018-06-15 18:33:02.0,2018-06-15 18:33:02.0
323,fc509c71cc2630b36452cdf64d1be9ce,128,190,0,1,2018-06-15 18:40:13.0,2018-06-15 18:40:13.0
324,69e47fe6d35d1a1806296908f0ae7d8a,129,203,0,1,2018-06-15 18:46:42.0,2018-06-15 18:46:42.0
325,0594ceb18709d73a1c3771230ea23d2c,130,205,0,1,2018-06-15 18:48:00.0,2018-06-15 18:48:00.0
326,ea6fd7674ca0e171b9bc4f78359a5971,132,191,0,1,2018-06-15 19:05:29.0,2018-06-15 19:05:29.0
327,25f3612744446f819565894944e16a31,133,192,0,1,2018-06-15 19:13:57.0,2018-06-15 19:13:57.0
328,4f8c3613bf8baf1061325e3c2ba44f97,134,193,0,1,2018-06-15 19:23:08.0,2018-06-15 19:23:08.0
329,ae36ae01d658d45b5579bf83a69b4ee0,135,194,0,1,2018-06-15 19:34:40.0,2018-06-15 19:34:40.0
330,605e914210c248fa91b26ab5347e26cf,136,195,0,1,2018-06-15 19:40:30.0,2018-06-15 19:40:30.0
331,2c2a7a5d0fa211ab05f786b10b18e0d0,136,196,0,1,2018-06-15 19:40:30.0,2018-06-15 19:40:30.0
332,1ad52a19c02e70ad45e20f1638abc1a0,137,198,0,1,2018-06-15 19:44:16.0,2018-06-15 19:44:16.0
333,2d204573e8458ac6c949b694b2acbd59,152,252,0,1,2018-06-18 17:42:53.0,2018-06-18 17:42:53.0
334,834adc51e369ef434c7dfeaa153e9667,153,253,0,1,2018-06-18 17:47:57.0,2018-06-18 17:47:57.0
335,fe4c9806aae0c88b45c1cfecfaa5aa64,154,256,0,1,2018-06-18 17:55:37.0,2018-06-18 17:55:37.0
336,72eec7ea12b4a3371018079a4aa22f3c,155,256,0,0,2018-06-18 18:06:56.0,2018-10-09 16:49:49.0
337,18d3c0b04f271ad88f951afacf41ed79,157,257,0,1,2018-06-18 18:25:05.0,2018-06-18 18:25:05.0
338,62ad4392f234c7b01fee28d461fb4e92,158,254,0,1,2018-06-18 18:33:09.0,2018-06-18 18:33:09.0
339,b29d58c01f171f2583e98626abd2a295,159,255,0,1,2018-06-18 18:43:53.0,2018-06-18 18:43:53.0
340,128e167d414fe9de499bfb741cc5dba5,160,255,0,0,2018-06-18 18:46:24.0,2018-10-09 14:54:53.0
341,bea86547f82180feb68d6ebfb13fca36,161,262,0,0,2018-06-18 18:47:47.0,2018-06-22 18:22:54.0
342,4a94ecad8ed28e7aedc8cd33f5a36420,161,263,0,1,2018-06-18 18:47:47.0,2018-06-18 18:47:47.0
343,2a1f100c18c06a3d9cc5f27e94f1a8a3,162,264,0,0,2018-06-18 18:57:38.0,2018-06-18 19:11:09.0
344,58ad2161c57b52c355b833561ba539e0,163,264,0,0,2018-06-18 18:59:23.0,2018-06-18 19:01:40.0
345,8520e6250b8149da50bee137cfca495b,163,265,0,1,2018-06-18 19:01:40.0,2018-06-18 19:01:40.0
346,b07f6294c86fdb1dd5348469da0d3ab5,162,266,0,1,2018-06-18 19:11:09.0,2018-06-18 19:11:09.0
347,9fdcba3be0b17bfb7606ea356116c571,164,264,0,1,2018-06-18 19:14:25.0,2018-06-18 19:14:25.0
348,fc8f5740483b5159f2863a14c36a674a,165,267,0,1,2018-06-18 19:59:09.0,2018-06-18 19:59:09.0
349,348ae42c801ee508dbddd5d002a72b05,168,297,0,1,2018-06-19 14:51:10.0,2018-06-19 14:51:10.0
350,eb55bd5b814198cb0f01c6c851108195,169,298,0,1,2018-06-19 14:52:33.0,2018-06-19 14:52:33.0
351,7135e310e5425fa586949aa71031412a,170,299,0,1,2018-06-19 15:04:10.0,2018-06-19 15:04:10.0
352,0e25b6fe93d7075570c71de48412f68f,172,300,0,1,2018-06-19 15:17:16.0,2018-06-19 15:17:16.0
353,12813edb64e59332ca509a7530c91d65,173,301,0,1,2018-06-19 15:24:07.0,2018-06-19 15:24:07.0
354,35c6919fd5e3e4420c3c12c7f2b94dcc,177,242,0,1,2018-06-19 15:58:27.0,2018-06-19 15:58:27.0
355,1d7c4821713801a2d617d0c3a3dfa743,178,241,0,1,2018-06-19 16:05:50.0,2018-06-19 16:05:50.0
356,578781164beede8f8d70f67a8a48c2d4,179,243,0,1,2018-06-19 16:06:35.0,2018-06-19 16:06:35.0
357,54486ac4e3d819cf2af47afb8c70e88d,180,247,0,1,2018-06-19 16:13:24.0,2018-06-19 16:13:24.0
358,47f0651de5e3ec436cafa41477774236,181,227,0,0,2018-06-19 16:22:41.0,2018-06-19 16:24:54.0
359,79693843d23c44c7ce54a637bb954b77,78,219,0,1,2018-06-19 16:24:05.0,2018-06-19 16:24:05.0
360,8c4e51b0efc5d17bda081447699ce916,181,220,0,1,2018-06-19 16:24:54.0,2018-06-19 16:24:54.0
361,8468359c78f9631f3ad8e224f862316c,182,221,0,1,2018-06-19 16:28:18.0,2018-06-19 16:28:18.0
362,53fcd8107691e25e5a23be2c0c231aab,184,305,0,1,2018-06-19 16:48:22.0,2018-06-19 16:48:22.0
363,b75190e9afc61f6b2f30fc1e4a42052b,186,236,0,1,2018-06-19 17:00:18.0,2018-06-19 17:00:18.0
364,011a69da968a64fc11f50b31c9ef9752,187,237,0,1,2018-06-19 17:12:53.0,2018-06-19 17:12:53.0
365,3eb00b65191d02d42cdd78a29cfa062e,188,238,0,1,2018-06-19 17:14:42.0,2018-06-19 17:14:42.0
366,53df25b40a8b8ff9437941faae473db6,189,240,0,0,2018-06-19 17:17:47.0,2018-06-19 17:20:10.0
367,61cf19ff4a0314b0c8ddcad41e75cbe7,180,240,0,1,2018-06-19 17:19:23.0,2018-06-19 17:19:23.0
368,a81637e128e606e6ed929a8f380f9a8d,191,315,0,0,2018-06-19 17:29:27.0,2018-06-22 01:41:29.0
369,4e72217c0315b73801daaeb4cd35a1f1,191,316,0,0,2018-06-19 17:29:27.0,2018-06-22 01:41:29.0
370,4b6a94fd9fcc900eb5b7d03fead3988b,191,319,0,0,2018-06-19 17:29:27.0,2018-06-22 01:41:29.0
371,d3fa37c34e3dd38d7a115f969ea21569,191,333,0,0,2018-06-19 17:29:27.0,2018-06-22 01:41:29.0
372,838d53432c10f898f3a06ee7bad3747f,191,334,0,0,2018-06-19 17:29:27.0,2018-06-22 01:41:29.0
373,1b7db8d121caaa2d092ba78e29c3cf16,191,339,0,0,2018-06-19 17:29:28.0,2018-06-22 01:41:29.0
374,04cb145557b7bcdba60da65f0e1fec0c,191,345,0,0,2018-06-19 17:29:28.0,2018-06-22 01:41:29.0
375,dc34268ec6b62db2d343b636321d0f48,191,349,0,0,2018-06-19 17:29:28.0,2018-06-22 01:41:29.0
376,1592f1e86c9d1865081efb81fe0a03e2,191,352,0,0,2018-06-19 17:29:28.0,2018-06-22 01:41:29.0
377,2f78af2a6750a3c5d1749b21c2fabb76,98,339,0,0,2018-06-19 17:31:39.0,2018-09-21 16:47:47.0
378,7718a5505be85d31f018006885c0b693,191,314,0,0,2018-06-19 17:34:09.0,2018-06-22 01:41:29.0
379,f74b5071a26a5f511832306536f6b19b,191,317,0,0,2018-06-19 17:34:09.0,2018-06-22 01:41:29.0
380,67f9cf7e25bca8d90da2bb04e7adef29,191,348,0,0,2018-06-19 17:34:09.0,2018-06-22 01:41:29.0
381,ca77e8c84bca5e9927fde195abcf757e,194,366,0,1,2018-06-19 18:23:13.0,2018-06-19 18:23:13.0
382,a07291c761cd6b158ef7190021c83d49,195,367,0,1,2018-06-19 18:30:40.0,2018-06-19 18:30:40.0
383,82eed443489849f92da8ac222b1a5507,196,368,0,1,2018-06-19 18:35:49.0,2018-06-19 18:35:49.0
384,0bd6954ccafacd6489fea48988a89117,198,359,0,1,2018-06-19 18:41:47.0,2018-06-19 18:41:47.0
385,4601154ebc327a11a92c9cbd6a2fe3eb,201,371,0,1,2018-06-19 19:01:28.0,2018-06-19 19:01:28.0
386,4fd916d42db15320abb13839f172494b,202,372,0,1,2018-06-19 19:06:02.0,2018-06-19 19:06:02.0
387,a3573722ed0e7289bd7ce441190f0587,203,374,0,1,2018-06-19 19:07:37.0,2018-06-19 19:07:37.0
388,68a95f97fa971bf19b5c9e1865e082f8,205,375,0,1,2018-06-20 17:53:20.0,2018-06-20 17:53:20.0
389,bbcd462fbf68e19ac5e28f01e6ce6725,206,377,0,1,2018-06-20 17:59:56.0,2018-06-20 17:59:56.0
390,ecea7e2ca7e007fe8997cff633206f30,211,396,0,1,2018-06-20 18:45:11.0,2018-06-20 18:45:11.0
391,1a165125529c2d3fd3dfe5e4e1ceedb0,212,397,0,1,2018-06-20 18:55:43.0,2018-06-20 18:55:43.0
392,b5b088ff1a2dee261bb28438a6a1ff58,213,400,0,1,2018-06-20 19:04:20.0,2018-06-20 19:04:20.0
393,0785b2d6613bcddb915019e57b4268ec,214,401,0,0,2018-06-20 19:10:53.0,2018-10-12 16:27:37.0
394,d942f19b4219f451b46aa4551d1ad76a,217,404,0,0,2018-06-20 19:30:40.0,2018-06-20 19:31:49.0
395,ed6aa21400fdcc3f446dd91e97d27123,218,404,0,1,2018-06-20 19:32:05.0,2018-06-20 19:32:05.0
396,ae70f5efe30d03a7b745124bc2e2a3d6,224,409,0,1,2018-06-20 19:53:04.0,2018-06-20 19:53:04.0
397,1db3eae93c85ac37bd16fa5452b64be7,225,419,0,0,2018-06-21 14:01:58.0,2018-10-12 16:52:26.0
398,b063ba1269a665bd132b9fbea627bb48,228,438,0,1,2018-06-21 14:17:20.0,2018-06-21 14:17:20.0
399,dcc37f2d173f044bd65d410824b9038f,229,439,0,0,2018-06-21 14:21:13.0,2018-06-21 14:21:41.0
400,487f4e98bbc0bbead217d4b12367d891,228,435,0,1,2018-06-21 14:22:03.0,2018-06-21 14:22:03.0
401,c4f19b6bfbd21686da3abbdd2d798052,228,437,0,1,2018-06-21 14:22:03.0,2018-06-21 14:22:03.0
402,5f1ff5f48fe221f80c2c59a7fdd3d734,228,439,0,1,2018-06-21 14:22:03.0,2018-06-21 14:22:03.0
403,d5ca7b2c71fbd19d0e143b6addb98d01,230,458,0,1,2018-06-21 14:26:26.0,2018-06-21 14:26:26.0
404,ceb9b832242e7c97bf17599dc417e7fd,233,454,0,0,2018-06-21 15:05:42.0,2018-06-21 15:06:24.0
405,085dbc4c0cd3deb7d5ea65b58ff6e3c3,233,455,0,0,2018-06-21 15:05:42.0,2018-06-21 15:06:24.0
406,8c2c20c44d3ea03dd9ec47e02bc16a9c,233,456,0,0,2018-06-21 15:05:42.0,2018-06-21 15:06:24.0
407,90d7095466a47c7d60e623925638002f,233,461,0,0,2018-06-21 15:05:42.0,2018-06-21 15:06:24.0
408,616814d84126d1f509892a6d2059602e,109,13,0,1,2018-06-21 17:35:53.0,2018-06-21 17:35:53.0
409,424db6f9aed9c3cf0ee074acd6039f84,109,81,0,1,2018-06-21 17:36:43.0,2018-06-21 17:36:43.0
410,da62665c5173a0e0de0389e772ed651b,109,10,0,1,2018-06-21 17:36:43.0,2018-06-21 17:36:43.0
411,c40148c72a59ecb665e33e4fcb9b0c90,109,17,0,1,2018-06-21 17:36:43.0,2018-06-21 17:36:43.0
412,da096c98bc661e1b86235a92d5958ca6,109,24,0,1,2018-06-21 17:36:43.0,2018-06-21 17:36:43.0
413,bff46c8cef774373706ea5c6f56419a5,109,213,0,1,2018-06-21 17:37:08.0,2018-06-21 17:37:08.0
414,0e5b6ac9c4070e204464be66d0b8c990,110,18,0,1,2018-06-21 17:37:55.0,2018-06-21 17:37:55.0
415,fb2c8ff0680784c56029be236d3575bc,111,168,0,1,2018-06-21 17:38:52.0,2018-06-21 17:38:52.0
416,df396396ee451ad6761926f9a67c818b,112,177,0,1,2018-06-21 17:42:56.0,2018-06-21 17:42:56.0
417,05693d0bbf8a9b17a7ec9ef5c6f3d9c6,140,31,0,1,2018-06-21 17:45:41.0,2018-06-21 17:45:41.0
418,a8cbec1d2f1d347f8e3610a0f93d1305,141,459,0,1,2018-06-21 17:46:32.0,2018-06-21 17:46:32.0
419,2a9a1e73ed8a8826d361ca3ba2f52296,142,463,0,1,2018-06-21 17:46:59.0,2018-06-21 17:46:59.0
420,f344aadccbd848ae66f00a0c25587b5d,142,160,0,0,2018-06-21 17:47:23.0,2018-06-21 17:47:45.0
421,1424c550e5937f8ff742cf556a5966c4,143,460,0,1,2018-06-21 17:48:11.0,2018-06-21 17:48:11.0
422,adf3af13ba395847b20ea12c6bd4f2c4,144,462,0,1,2018-06-21 17:48:45.0,2018-06-21 17:48:45.0
423,ecf2480410e61faa0e14af35756f8b22,145,464,0,1,2018-06-21 17:49:38.0,2018-06-21 17:49:38.0
424,aae72913db86c3e3cd195471c24e31fe,146,465,0,1,2018-06-21 17:49:58.0,2018-06-21 17:49:58.0
425,1233486a85fb109e87a5296e6d4a5f9f,147,528,0,1,2018-06-21 17:50:31.0,2018-06-21 17:50:31.0
426,2eec6fe3e79d6ac095fb946095c53cc1,156,269,0,1,2018-06-22 19:22:45.0,2018-06-22 19:22:45.0
427,dca955cbfeb51a29728f6d1969bc2960,166,270,0,1,2018-06-22 19:23:05.0,2018-06-22 19:23:05.0
428,6b1353bc75e4d0a8caa7bfacfcb7c9c4,167,273,0,1,2018-06-22 19:23:45.0,2018-06-22 19:23:45.0
429,02bb879770d1520c24e0ecd36bf3c562,234,358,0,0,2018-06-22 19:30:01.0,2018-10-12 18:39:25.0
430,4e9110aa211d904c6a37cab5c57a0cfd,232,357,0,1,2018-06-22 19:30:16.0,2018-06-22 19:30:16.0
431,d17cdf5ce8b2448ec1aa7289231067a6,231,360,0,1,2018-06-22 19:30:31.0,2018-06-22 19:30:31.0
432,729fe6c5485ef811949a5b38e50ced89,174,279,0,1,2018-06-22 19:31:36.0,2018-06-22 19:31:36.0
433,4ee1c37b32574138814a348ea7c33065,175,271,0,1,2018-06-22 19:31:51.0,2018-06-22 19:31:51.0
434,14fceedb38137f4ec5cdc03781e1fa77,176,274,0,1,2018-06-22 19:32:11.0,2018-06-22 19:32:11.0
435,56ac287d48cd917fc2df4cf62c196d3c,183,277,0,1,2018-06-22 19:32:34.0,2018-06-22 19:32:34.0
436,b1c062dfcd7025e0b1d878a693346b94,185,280,0,1,2018-06-22 19:33:09.0,2018-06-22 19:33:09.0
437,2d849ed4fada26852af8047e90e93cec,189,272,0,1,2018-06-22 19:33:32.0,2018-06-22 19:33:32.0
438,541f6595d93c83d8cfa9fabb74652037,193,275,0,1,2018-06-22 19:33:53.0,2018-06-22 19:33:53.0
439,7dff395ae3977108cb5692d9b1412836,197,278,0,1,2018-06-22 19:34:48.0,2018-06-22 19:34:48.0
440,76ea5e3b9644af0f24150b2900f7c214,199,281,0,1,2018-06-22 19:35:10.0,2018-06-22 19:35:10.0
441,9285c5c66ca283d4d26a0b443a43c384,200,282,0,1,2018-06-22 19:35:38.0,2018-06-22 19:35:38.0
442,7b4ce0ea5e76f57cffca9c84c9029d94,204,373,0,1,2018-06-22 19:36:00.0,2018-06-22 19:36:00.0
443,44b22d04445c891f929a2ddad5dd4133,207,285,0,0,2018-06-22 19:36:22.0,2018-10-11 19:34:50.0
444,fbc1a95d80b8a9b0b6cbbe6b1d3b52bb,210,284,0,1,2018-06-22 19:37:03.0,2018-06-22 19:37:03.0
445,c53804f5a4ef2697beefe05653801443,209,287,0,1,2018-06-22 19:37:19.0,2018-06-22 19:37:19.0
446,cc0f522aa730c9158ad7d88095bba095,215,293,0,0,2018-06-22 19:38:32.0,2018-10-12 15:21:40.0
447,ffa593e49412cda67013f0d899b63ce2,219,290,0,1,2018-06-22 19:38:51.0,2018-06-22 19:38:51.0
448,14b87f49a1237ea426a7d181fcf17219,217,295,0,1,2018-06-22 19:39:13.0,2018-06-22 19:39:13.0
449,a8891b8a14ba2b83fff894c704410c05,220,481,0,1,2018-06-22 19:40:10.0,2018-06-22 19:40:10.0
450,967b14a0f6b392d5ffc278f1f79fb165,221,302,0,1,2018-06-22 19:40:34.0,2018-06-22 19:40:34.0
451,c3618b49e42f35fea47a1456b0c468dc,223,303,0,1,2018-06-22 19:41:10.0,2018-06-22 19:41:10.0
452,8e2ae4bde8c51b5ec136c9868f45f09c,222,304,0,1,2018-06-22 19:41:32.0,2018-06-22 19:41:32.0
453,813cea9141eec00066741e3bafaae11c,229,497,0,1,2018-06-22 19:41:53.0,2018-06-22 19:41:53.0
454,63ba0435dae749ba1652bf782625312a,140,245,0,1,2018-06-22 19:42:31.0,2018-06-22 19:42:31.0
455,caaf3efce535a37ef13fbf1dbc92102f,142,370,0,1,2018-06-22 19:43:05.0,2018-06-22 19:43:05.0
456,cc37c138c2497b76bff92eda055870d1,141,246,0,1,2018-06-22 19:43:37.0,2018-06-22 19:43:37.0
457,b26d56d635c7e1ae7dedff74d37c731e,147,363,0,0,2018-06-22 19:44:10.0,2018-10-12 18:43:00.0
458,0176a71116749e6718c02caf596bfe51,227,364,0,1,2018-06-22 19:48:01.0,2018-06-22 19:48:01.0
459,510f43693700124f2a7f125a5d70859f,226,418,0,1,2018-06-22 19:48:29.0,2018-06-22 19:48:29.0
460,9f9dd5829206ac3d8dd39d6d5d0dd36e,216,362,0,1,2018-06-22 19:50:31.0,2018-06-22 19:50:31.0
461,f030aff5e278d8a209f3b744f95eadd8,190,240,0,1,2018-06-22 19:51:16.0,2018-06-22 19:51:16.0
462,eeb74f0344c3743ce78e24d877e9cf94,192,278,0,1,2018-06-22 19:51:47.0,2018-10-11 16:27:19.0
463,ddcc2c1f97a82fd91a474135b2c209db,192,281,0,0,2018-06-22 19:51:47.0,2018-06-22 19:52:14.0
464,2e7b264ca5a3191b6093ebf01b97e6e1,192,282,0,1,2018-06-22 19:51:47.0,2018-10-11 16:27:19.0
465,1e5903f6bbabd42f97da5ecd2f7ecf3f,192,359,0,0,2018-06-22 19:51:47.0,2018-06-22 19:52:14.0
466,a3b818ea0895b7616fdb35f87db306ec,192,361,0,1,2018-06-22 19:51:47.0,2018-10-11 16:27:19.0
467,2447fe5ee3f82741b503db753cfb421b,192,365,0,0,2018-06-22 19:51:47.0,2018-06-22 19:52:14.0
468,0769f268c79d8d09b3dd64fc7075e020,171,276,0,1,2018-06-22 19:54:01.0,2018-06-22 19:54:01.0
469,6f746da85c0a9df21261cd9b17303ee4,148,527,0,1,2018-06-25 19:58:06.0,2018-06-25 19:58:06.0
470,b4d748a69f272e8c48fdc616e754f91e,117,178,0,1,2018-06-26 15:32:44.0,2018-06-26 15:32:44.0
471,e8471a2d2b9c5a0f3be227270603a0c6,116,176,0,1,2018-06-26 15:34:27.0,2018-06-26 15:34:27.0
472,c1d55af45074e8cebdcfee9b8c02f70b,115,175,0,1,2018-06-26 15:36:19.0,2018-06-26 15:36:19.0
473,092aeee4942fdf66ca0aee09c2c8b4cf,114,171,0,1,2018-06-26 15:38:37.0,2018-06-26 15:38:37.0
474,2332b6d415a8b1c3bcc9cbde2650eaba,113,163,0,1,2018-06-26 15:40:23.0,2018-06-26 15:40:23.0
475,0c8048de111f68c1136b84368ac8be96,2,79,0,1,2018-06-26 16:52:33.0,2018-06-26 16:52:33.0
476,09363103e444abeded4c20982181971c,2,80,0,1,2018-06-26 16:52:33.0,2018-06-26 16:52:33.0
477,9c54579a36a2f97d25c96c865e89d828,40,32,0,1,2018-06-26 18:14:47.0,2018-06-26 18:14:47.0
478,5c3958e22e99e5d5890f3bcadf26cd21,24,7,0,1,2018-06-26 18:33:29.0,2018-06-26 18:33:29.0
479,7e21572b06508497a69005eee1e1a2c3,149,365,0,0,2018-06-26 18:43:09.0,2018-09-21 20:24:23.0
480,ccbd7b86521a5bd9b285c870687cc808,33,249,0,0,2018-06-26 19:07:39.0,2018-06-26 19:08:12.0
481,264034f900d53204b7ec264c13b54d56,33,4,0,0,2018-06-26 19:07:39.0,2018-06-26 19:08:12.0
482,dbcd6711db8ab8c32b95fdf5953f1f77,33,6,0,0,2018-06-26 19:07:39.0,2018-06-26 19:08:12.0
483,de54e2f60a810abc8e4d409365d2bfc9,33,69,0,0,2018-06-26 19:07:39.0,2018-06-26 19:08:12.0
484,59b6c60ae0f8d48395535fa6e097569a,33,70,0,0,2018-06-26 19:07:39.0,2018-06-26 19:08:12.0
485,da5961a231e4e8b357e71f0da980dfda,33,71,0,0,2018-06-26 19:07:39.0,2018-06-26 19:08:12.0
486,e256397ac451c5a48c4f300a7c925dec,33,72,0,0,2018-06-26 19:07:39.0,2018-06-26 19:08:12.0
487,a17e46a54667e80b06bb2567d5527161,33,74,0,0,2018-06-26 19:07:39.0,2018-06-26 19:08:12.0
488,0b9217de7bee3731868a39458d43e028,33,99,0,0,2018-06-26 19:07:39.0,2018-06-26 19:08:12.0
489,e35054e25689e6581767a0f28e5c668e,33,116,0,0,2018-06-26 19:07:39.0,2018-06-26 19:08:12.0
490,5a00f3d2acce573b8a83d6aa212ed5ff,33,117,0,0,2018-06-26 19:07:39.0,2018-06-26 19:08:12.0
491,b42837ca746b28fb487831bc441d1ce0,33,118,0,0,2018-06-26 19:07:39.0,2018-06-26 19:08:12.0
492,76253210ff680316791b7c3e74098f56,33,119,0,0,2018-06-26 19:07:39.0,2018-06-26 19:08:12.0
493,a5c3d67c092f79a8241bbb773a37f02c,33,140,0,0,2018-06-26 19:07:39.0,2018-06-26 19:08:12.0
494,20f7bccbee4dddc996a9617389e8f05f,33,36,0,0,2018-06-26 19:07:39.0,2018-06-26 19:08:12.0
495,cd00d55e2149f0117249b2362893df5a,33,38,0,0,2018-06-26 19:07:39.0,2018-06-26 19:08:12.0
496,45a6e9e32c51cc204e99af0797165248,33,64,0,0,2018-06-26 19:07:39.0,2018-06-26 19:08:12.0
497,bbac3ebef79699313c99bed874358e08,33,65,0,0,2018-06-26 19:07:39.0,2018-06-26 19:08:12.0
498,75a18a21abfcf44ef31d6c92b9770f56,33,67,0,0,2018-06-26 19:07:39.0,2018-06-26 19:08:12.0
499,95bdbc60405282d28a498610d4a80f48,33,68,0,0,2018-06-26 19:07:39.0,2018-06-26 19:08:13.0
500,4bbdd50a9a8ba4e8c87a4e8d131d3668,33,35,0,0,2018-06-26 19:07:39.0,2018-06-26 19:08:13.0
501,473f311527b53047bbb4cc54006f999f,33,37,0,0,2018-06-26 19:07:39.0,2018-06-26 19:08:13.0
502,eea2fd02512328d853cd00a1bc542dca,33,73,0,0,2018-06-26 19:07:39.0,2018-06-26 19:08:13.0
503,553e4ed0dfb4fbe174a93b66707ea02f,33,53,0,0,2018-06-26 19:07:39.0,2018-06-26 19:08:13.0
504,b03b5d4d6c32fdf85ff526581a837e98,33,40,0,0,2018-06-26 19:07:39.0,2018-06-26 19:08:13.0
505,2dfc54956697066f5e6ba9a40c246bca,33,41,0,0,2018-06-26 19:07:39.0,2018-06-26 19:08:13.0
506,35ba726d6db2d6e62028e62d788feb8c,33,42,0,0,2018-06-26 19:07:39.0,2018-06-26 19:08:13.0
507,3abbf9a5a320041becc28265d5c2f0de,33,43,0,0,2018-06-26 19:07:39.0,2018-06-26 19:08:13.0
508,774f261f5bd2ffed1104e676f36301d7,33,44,0,0,2018-06-26 19:07:39.0,2018-06-26 19:08:13.0
509,0d04a3ee56fda8477a09bcd8ca96abca,33,45,0,0,2018-06-26 19:07:39.0,2018-06-26 19:08:13.0
510,f4c0115b780633e33cbdda4c803f9c8f,33,46,0,0,2018-06-26 19:07:39.0,2018-06-26 19:08:13.0
511,fc7cc2d509528288c9a7aeb685c65eba,33,47,0,0,2018-06-26 19:07:39.0,2018-06-26 19:08:13.0
512,f965de7dff18168016033b64ff8d463c,33,48,0,0,2018-06-26 19:07:39.0,2018-06-26 19:08:13.0
513,9a90712dbc81996fc4ee5d2c023582d8,33,49,0,0,2018-06-26 19:07:39.0,2018-06-26 19:08:13.0
514,6a60bc85e5024ddb6deb3698ab5957a2,33,525,0,0,2018-06-26 19:07:39.0,2018-06-26 19:08:13.0
515,7d1ea8d717eeef5f6d7a4b4ff7a654b4,33,507,0,0,2018-06-26 19:07:39.0,2018-06-26 19:08:13.0
516,cbfda622df8187b4588efc430b5b1a40,33,83,0,0,2018-06-26 19:07:39.0,2018-06-26 19:08:13.0
517,c95d5ddfee7c82f3f3869a36fa9ae9d2,33,84,0,0,2018-06-26 19:07:39.0,2018-06-26 19:08:13.0
518,5901ad15bdf297d114927fd1cacfb37c,33,87,0,0,2018-06-26 19:07:39.0,2018-06-26 19:08:13.0
519,99b05d8eca806fafb1301df48686186a,33,88,0,0,2018-06-26 19:07:39.0,2018-06-26 19:08:13.0
520,00512ca4eb381b5f615f62ce88088859,33,89,0,0,2018-06-26 19:07:39.0,2018-06-26 19:08:13.0
521,b51e16ceb2114d7fdc981d6ab9bb59f6,33,90,0,0,2018-06-26 19:07:39.0,2018-06-26 19:08:13.0
522,9bba43e89ffaa9f709004eeeb1251057,33,91,0,0,2018-06-26 19:07:39.0,2018-06-26 19:08:13.0
523,2f5d122b3ba242badd076e8dd401d968,33,92,0,0,2018-06-26 19:07:39.0,2018-06-26 19:08:13.0
524,e83b81dbae1916252bdc2c9bb2fbd577,33,93,0,0,2018-06-26 19:07:39.0,2018-06-26 19:08:13.0
525,92e174a29481fde4485929a30945ee94,33,94,0,0,2018-06-26 19:07:39.0,2018-06-26 19:08:13.0
526,a1b4c526f4ef05d11a3ba3b6f27126ae,33,85,0,0,2018-06-26 19:07:39.0,2018-06-26 19:08:13.0
527,a2ceabc03b9c7378b0664bc0a36a50d3,33,96,0,0,2018-06-26 19:07:39.0,2018-06-26 19:08:13.0
528,d4cb57390bf4dea4c22ec39f0e8c28a0,33,39,0,0,2018-06-26 19:07:39.0,2018-06-26 19:08:13.0
529,8f1bdd477f23414b8e31c01f432a2d1f,33,75,0,0,2018-06-26 19:07:39.0,2018-06-26 19:08:13.0
530,85185ac8611652d5d8c35b80d00a52c2,33,76,0,0,2018-06-26 19:07:39.0,2018-06-26 19:08:13.0
531,96727e9c34eede486ef43edfe27febd7,33,77,0,0,2018-06-26 19:07:39.0,2018-06-26 19:08:13.0
532,aeb52172c4e60bb214d454ab2e62bee5,33,78,0,0,2018-06-26 19:07:39.0,2018-06-26 19:08:13.0
533,caeb755947a8267d8183f30bdcf13815,33,79,0,0,2018-06-26 19:07:40.0,2018-06-26 19:08:13.0
534,c3213dfd5fa566fb16496ba199c3d3e0,33,80,0,0,2018-06-26 19:07:40.0,2018-06-26 19:08:13.0
535,bf52268d7752b59a1c8dfbed234a2a55,33,86,0,0,2018-06-26 19:07:40.0,2018-06-26 19:08:13.0
536,d5b14e898d8728ba02da65c28898cf1e,33,105,0,0,2018-06-26 19:07:40.0,2018-06-26 19:08:13.0
537,67930f7410bc15d161c05f1af17acb76,33,58,0,0,2018-06-26 19:07:40.0,2018-06-26 19:08:13.0
538,8f6f49f3bdb0edd56364db23c106bf32,33,82,0,0,2018-06-26 19:07:40.0,2018-06-26 19:08:13.0
539,d379b511d296fa6e9f2ae0c2753513d6,33,97,0,0,2018-06-26 19:07:40.0,2018-06-26 19:08:13.0
540,e2ade3407472d3d535f66887b68a3d60,33,98,0,0,2018-06-26 19:07:40.0,2018-06-26 19:08:13.0
541,6f6a21fc0d5bae8a6fe00299bcb3c52b,33,100,0,0,2018-06-26 19:07:40.0,2018-06-26 19:08:13.0
542,a5d940594e1c53a65a6f861c9c01e524,33,101,0,0,2018-06-26 19:07:40.0,2018-06-26 19:08:13.0
543,288caa38bb5770d16418d7028f1cc840,33,102,0,0,2018-06-26 19:07:40.0,2018-06-26 19:08:13.0
544,81e26cc57e906bc6e9ee019bbc8a6f6a,33,103,0,0,2018-06-26 19:07:40.0,2018-06-26 19:08:13.0
545,32abfc98f3db7441e427e87a569c6417,33,104,0,0,2018-06-26 19:07:40.0,2018-06-26 19:08:13.0
546,c53220d389d871790488859fe59acbc0,33,106,0,0,2018-06-26 19:07:40.0,2018-06-26 19:08:13.0
547,62f60153c5ca72a7bc9158fb07fae7f8,33,107,0,0,2018-06-26 19:07:40.0,2018-06-26 19:08:13.0
548,601dedfc9f23a834e5257335a19bec05,33,108,0,0,2018-06-26 19:07:40.0,2018-06-26 19:08:13.0
549,f3f8bd5f7ac47e50b2a34dfbda814088,33,109,0,0,2018-06-26 19:07:40.0,2018-06-26 19:08:13.0
550,458e12882ffc671e8a88846cdaa365c9,33,110,0,0,2018-06-26 19:07:40.0,2018-06-26 19:08:13.0
551,e0c8f6e1d786194eb5d202245f89f034,33,111,0,0,2018-06-26 19:07:40.0,2018-06-26 19:08:13.0
552,492d3458271e9c8c840a1084c3e1081e,33,112,0,0,2018-06-26 19:07:40.0,2018-06-26 19:08:13.0
553,1cbd5b15d1f62dabe6ca048200af4237,33,113,0,0,2018-06-26 19:07:40.0,2018-06-26 19:08:13.0
554,be9aa535911b60a241d88834a7563e25,33,114,0,0,2018-06-26 19:07:40.0,2018-06-26 19:08:13.0
555,b19c285cf72714feeeabd88c181afb92,33,115,0,0,2018-06-26 19:07:40.0,2018-06-26 19:08:13.0
556,5a9655b04d22528da0f9808a4a4ee99a,33,120,0,0,2018-06-26 19:07:40.0,2018-06-26 19:08:13.0
557,8aba2db747b6aead9062014918c9993e,33,121,0,0,2018-06-26 19:07:40.0,2018-06-26 19:08:13.0
558,f4584e49322e559d28ae639bcff47fce,33,122,0,0,2018-06-26 19:07:40.0,2018-06-26 19:08:13.0
559,d896766a962372fb8ea0256b444f37a4,33,123,0,0,2018-06-26 19:07:40.0,2018-06-26 19:08:14.0
560,ae0e0fe21e875417795c81c27c15a562,33,124,0,0,2018-06-26 19:07:40.0,2018-06-26 19:08:14.0
561,6f6b3377753a1a00d89f720be710478a,33,125,0,0,2018-06-26 19:07:40.0,2018-06-26 19:08:14.0
562,65339e16f280e91f47f530b1ad7ef7c2,33,126,0,0,2018-06-26 19:07:40.0,2018-06-26 19:08:14.0
563,328fd28fd02dd03586a024620db740b2,33,127,0,0,2018-06-26 19:07:40.0,2018-06-26 19:08:14.0
564,4aa7c60848754f366af3d915081a0907,33,128,0,0,2018-06-26 19:07:40.0,2018-06-26 19:08:14.0
565,e11fc25ad1a99573127d24ec9160eda5,33,129,0,0,2018-06-26 19:07:40.0,2018-06-26 19:08:14.0
566,8fe3f955d136ef379cf5f6bef6834d55,33,130,0,0,2018-06-26 19:07:40.0,2018-06-26 19:08:14.0
567,2eb128bc659185b18f0b801b6c326e69,33,131,0,0,2018-06-26 19:07:40.0,2018-06-26 19:08:14.0
568,85bb36d49e01d07d2a6be840bb449283,33,132,0,0,2018-06-26 19:07:40.0,2018-06-26 19:08:14.0
569,a7c6cccac1b19519145fed3dd4a800af,33,133,0,0,2018-06-26 19:07:40.0,2018-06-26 19:08:14.0
570,606eeae315b9b878780c77237e37642f,33,134,0,0,2018-06-26 19:07:40.0,2018-06-26 19:08:14.0
571,53064388cbacb232f2ca306f2b764635,33,135,0,0,2018-06-26 19:07:40.0,2018-06-26 19:08:14.0
572,3cbec267f9776cc2da4bcd53e24e8ae2,33,136,0,0,2018-06-26 19:07:40.0,2018-06-26 19:08:14.0
573,86163047f401bed0d74e2c9eea4857db,33,137,0,0,2018-06-26 19:07:40.0,2018-06-26 19:08:14.0
574,1fb9ab5c5e4133ec399f9a3b981dd5cc,33,138,0,0,2018-06-26 19:07:40.0,2018-06-26 19:08:14.0
575,846096b5b89aaedf7941c27894bd58f3,33,139,0,0,2018-06-26 19:07:40.0,2018-06-26 19:08:14.0
576,8f50feb3e3352831e76ac50000983d3a,33,141,0,0,2018-06-26 19:07:40.0,2018-06-26 19:08:14.0
577,c68aca243613dc88b505951d081a5acb,33,206,0,0,2018-06-26 19:07:40.0,2018-06-26 19:08:14.0
578,402f8f126de90986f290bc6d0336f6a4,33,7,0,0,2018-06-26 19:07:40.0,2018-06-26 19:08:14.0
579,ee69386e472abe345ca5e63f8f6f956e,33,15,0,0,2018-06-26 19:07:40.0,2018-06-26 19:08:14.0
580,5263622a53043796c3c52cfcb2f26d8e,33,28,0,0,2018-06-26 19:07:40.0,2018-06-26 19:08:14.0
581,c113cc04ea49469f66881ff49d23c130,33,530,0,0,2018-06-26 19:07:41.0,2018-06-26 19:08:14.0
582,78c54ea153462aafef363d3923605684,33,32,0,0,2018-06-26 19:07:41.0,2018-06-26 19:08:14.0
583,e53a004aa69caeae71e7af7b3511641c,33,526,0,0,2018-06-26 19:07:41.0,2018-06-26 19:08:14.0
584,e19867eaff5c27a9403f04f9f8e2077d,33,529,0,0,2018-06-26 19:07:41.0,2018-06-26 19:08:14.0
585,9e2c706db14a13786c77b09725855000,33,209,0,0,2018-06-26 19:07:41.0,2018-06-26 19:08:14.0
586,f32bf81fb7d5d4d32f1fe32b56af55fb,33,482,0,0,2018-06-26 19:07:41.0,2018-06-26 19:08:14.0
587,c847e3edaf96a6055f34059cfc1e569a,33,483,0,0,2018-06-26 19:07:41.0,2018-06-26 19:08:14.0
588,89cf3cb6957db9ee9b5d40d2d0378b3d,33,484,0,0,2018-06-26 19:07:41.0,2018-06-26 19:08:14.0
589,7dde5d870b2582ae28f19dab7b8a747a,33,485,0,0,2018-06-26 19:07:41.0,2018-06-26 19:08:14.0
590,d0ac8baa545d9a33df3148b72bb6bbdc,33,486,0,0,2018-06-26 19:07:41.0,2018-06-26 19:08:14.0
591,35afe35b505383c9eaf081d0cdc626d7,33,487,0,0,2018-06-26 19:07:41.0,2018-06-26 19:08:14.0
592,71b51430db815e4cb733297d32d6503e,33,488,0,0,2018-06-26 19:07:41.0,2018-06-26 19:08:14.0
593,299372f50e6a43e13ba351be90237013,33,489,0,0,2018-06-26 19:07:41.0,2018-06-26 19:08:14.0
594,8c5d99a33f3d21c18ce9c777d489428f,33,490,0,0,2018-06-26 19:07:41.0,2018-06-26 19:08:14.0
595,46b5bfb2723049d8a448769d52cf8620,33,491,0,0,2018-06-26 19:07:41.0,2018-06-26 19:08:14.0
596,0836bd6e94383adc04cf844932fc2a90,33,492,0,0,2018-06-26 19:07:41.0,2018-06-26 19:08:14.0
597,9419d0485513092e467a39116d37b52d,33,493,0,0,2018-06-26 19:07:41.0,2018-06-26 19:08:14.0
598,3697a40b0bfc616083770c76a4e47184,33,494,0,0,2018-06-26 19:07:41.0,2018-06-26 19:08:14.0
599,d3da9122f1dcdb5d235efc3d3db6e412,33,495,0,0,2018-06-26 19:07:41.0,2018-06-26 19:08:14.0
600,82fc67f9bd53c3f64223965c98489631,33,496,0,0,2018-06-26 19:07:41.0,2018-06-26 19:08:14.0
601,aba955a4fda3d9f1ed8e6390be4ba186,33,498,0,0,2018-06-26 19:07:41.0,2018-06-26 19:08:14.0
602,b980e41b9bde1f00dc8325cc670d5ba0,33,142,0,0,2018-06-26 19:07:41.0,2018-06-26 19:08:14.0
603,c2f92d3e94f0f2d4b7c31140ef38e07a,33,143,0,0,2018-06-26 19:07:41.0,2018-06-26 19:08:14.0
604,60b274d2c3ea611557ad2a113683c4a6,33,144,0,0,2018-06-26 19:07:41.0,2018-06-26 19:08:14.0
605,c71f45359d322eff5976561e5243b719,33,145,0,0,2018-06-26 19:07:41.0,2018-06-26 19:08:14.0
606,0b549ef35282971fdb9d3d3647ac02e6,33,146,0,0,2018-06-26 19:07:41.0,2018-06-26 19:08:14.0
607,41c2feb9761c0c33ea0726feb4b1f8d7,33,147,0,0,2018-06-26 19:07:41.0,2018-06-26 19:08:14.0
608,6d48fbd8508d7ed93d008f76a675d1fb,33,148,0,0,2018-06-26 19:07:41.0,2018-06-26 19:08:14.0
609,a1daea9e7f8a02b481767c0f9a9843d9,33,149,0,0,2018-06-26 19:07:41.0,2018-06-26 19:08:14.0
610,e28ffa5020ea6288cd933f3ca43b851b,33,150,0,0,2018-06-26 19:07:41.0,2018-06-26 19:08:14.0
611,e2112c7b08d2fc876a4f944277433e6f,33,151,0,0,2018-06-26 19:07:41.0,2018-06-26 19:08:14.0
612,482edf1ec2f39ed5e8b0eeda35ecb9a5,33,152,0,0,2018-06-26 19:07:41.0,2018-06-26 19:08:14.0
613,3479ea02e6bf345ce981af56e0c220e0,33,153,0,0,2018-06-26 19:07:41.0,2018-06-26 19:08:14.0
614,6988d175a1ea272689f81748853d27b8,33,154,0,0,2018-06-26 19:07:41.0,2018-06-26 19:08:14.0
615,10ede0c3d174e2d7808f0fa84988385c,33,155,0,0,2018-06-26 19:07:41.0,2018-06-26 19:08:14.0
616,71f64b96942400e160b0ceca46ef18e0,33,156,0,0,2018-06-26 19:07:41.0,2018-06-26 19:08:14.0
617,9748c20ef48e892bc0bbbd599b715bbf,33,157,0,0,2018-06-26 19:07:41.0,2018-06-26 19:08:14.0
618,4924a1b807ac67f40cd2231c5e8511c7,33,158,0,0,2018-06-26 19:07:41.0,2018-06-26 19:08:14.0
619,89b72a193c435d0a47ab6e69242b8bb0,33,207,0,0,2018-06-26 19:07:41.0,2018-06-26 19:08:15.0
620,fe23f3eae0a4cbece9af190d131b9a8b,33,159,0,0,2018-06-26 19:07:41.0,2018-06-26 19:08:15.0
621,d3d34fb2192eb99fa225651d7904559d,33,160,0,0,2018-06-26 19:07:41.0,2018-06-26 19:08:15.0
622,07ec53fef454295ba4762d8199ceed32,33,161,0,0,2018-06-26 19:07:41.0,2018-06-26 19:08:15.0
623,cb6ee81c5293d9f13de7d7bb726311c2,33,213,0,0,2018-06-26 19:07:41.0,2018-06-26 19:08:15.0
624,9c2e859bc7fcf44c4bb84e789e3e9349,33,81,0,0,2018-06-26 19:07:41.0,2018-06-26 19:08:15.0
625,ab01b49e9e91b0387d9851b072bc93d4,33,168,0,0,2018-06-26 19:07:41.0,2018-06-26 19:08:15.0
626,33856b061a413d3137d13625b397bb4d,33,173,0,0,2018-06-26 19:07:41.0,2018-06-26 19:08:15.0
627,da11bc2aa6b34910e9e64c702ded0010,33,174,0,0,2018-06-26 19:07:41.0,2018-06-26 19:08:15.0
628,c66ff0874a9dbdfe78cc140032e66ff2,33,177,0,0,2018-06-26 19:07:41.0,2018-06-26 19:08:15.0
629,47b370e3f7916b3a3179c6993ebdb3fe,33,10,0,0,2018-06-26 19:07:41.0,2018-06-26 19:08:15.0
630,e6d60b6497ac432a47f13589063e0f05,33,13,0,0,2018-06-26 19:07:41.0,2018-06-26 19:08:15.0
631,188a072849133ade7706e07e34bf9567,33,17,0,0,2018-06-26 19:07:41.0,2018-06-26 19:08:15.0
632,9f60793f54d8ff8f3f863e0d15e43709,33,18,0,0,2018-06-26 19:07:41.0,2018-06-26 19:08:15.0
633,5e456c3a99c9bce1c419560ed849011e,33,24,0,0,2018-06-26 19:07:41.0,2018-06-26 19:08:15.0
634,5b01547f0953df9718f9c1add0a7f024,33,29,0,0,2018-06-26 19:07:41.0,2018-06-26 19:08:15.0
635,203b745ae07fdc11159dbfbcc9ec85e0,33,30,0,0,2018-06-26 19:07:41.0,2018-06-26 19:08:15.0
636,31512b54918302a3cfcb9aef7134908d,33,163,0,0,2018-06-26 19:07:42.0,2018-06-26 19:08:15.0
637,99639f5c950d9fdd701374fefe73ac02,33,171,0,0,2018-06-26 19:07:42.0,2018-06-26 19:08:15.0
638,b0de45ab059a283ef2014c9a4fac265b,33,175,0,0,2018-06-26 19:07:42.0,2018-06-26 19:08:15.0
639,24ae450f938c1affee95fc3921a96afd,33,176,0,0,2018-06-26 19:07:42.0,2018-06-26 19:08:15.0
640,fca8344afaf12d97cffa3b5aa6e78f5e,33,178,0,0,2018-06-26 19:07:42.0,2018-06-26 19:08:15.0
641,8da8e0e0385c763c7a40d531f74fe61b,33,66,0,0,2018-06-26 19:07:42.0,2018-06-26 19:08:15.0
642,96a8c0d0686dc226e85515cad4c5cc71,33,184,0,0,2018-06-26 19:07:42.0,2018-06-26 19:08:15.0
643,fbb8b482c6a0e5fe3f9512d44f5fd9a4,33,185,0,0,2018-06-26 19:07:42.0,2018-06-26 19:08:15.0
644,833a851eeeae2637b1a6409ade462a76,33,186,0,0,2018-06-26 19:07:42.0,2018-06-26 19:08:15.0
645,5792ecea21f8a78cea36bb29d51802e9,33,51,0,0,2018-06-26 19:07:42.0,2018-06-26 19:08:15.0
646,5912e6a43821428deb5bd12539a7e058,33,187,0,0,2018-06-26 19:07:42.0,2018-06-26 19:08:15.0
647,4aae7bd83976bceb3c77f6722d797e0a,33,459,0,0,2018-06-26 19:07:42.0,2018-06-26 19:08:15.0
648,0a571af62affd113d8251a7de09f2509,33,460,0,0,2018-06-26 19:07:42.0,2018-06-26 19:08:15.0
649,3ab7fe391fe0ba8392032946db3d1c6b,33,462,0,0,2018-06-26 19:07:42.0,2018-06-26 19:08:15.0
650,4f90d3bf2b8cc7347a8ecbd470518118,33,463,0,0,2018-06-26 19:07:42.0,2018-06-26 19:08:15.0
651,39a62c4945daa0e9bc12e28f20dcc6ba,33,31,0,0,2018-06-26 19:07:42.0,2018-06-26 19:08:15.0
652,22deca6a3dcef2a2e4df9e4fccc9acf0,33,8,0,0,2018-06-26 19:07:42.0,2018-06-26 19:08:15.0
653,70ac567d189a5449a90d8d7b4e7aa381,33,9,0,0,2018-06-26 19:07:42.0,2018-06-26 19:08:15.0
654,3a30f176647fe36137bdea209154ca69,33,11,0,0,2018-06-26 19:07:42.0,2018-06-26 19:08:15.0
655,363fb838b14dfe12aa2da967a4cac48e,33,14,0,0,2018-06-26 19:07:42.0,2018-06-26 19:08:15.0
656,33414da08040a4af1de2105679586e94,33,16,0,0,2018-06-26 19:07:42.0,2018-06-26 19:08:15.0
657,b36206876d1907f4a69591b1fe116d6e,33,19,0,0,2018-06-26 19:07:42.0,2018-06-26 19:08:15.0
658,f4f35765a01ece2180fa80f4705d276d,33,50,0,0,2018-06-26 19:07:42.0,2018-06-26 19:08:15.0
659,5f4332de931ebd55a83b4d8ebe2d0f45,33,95,0,0,2018-06-26 19:07:42.0,2018-06-26 19:08:15.0
660,f1ad807e93795f4f6b5d71a10019550b,33,20,0,0,2018-06-26 19:07:42.0,2018-06-26 19:08:15.0
661,395465272c3ba0067db433a70d362461,33,21,0,0,2018-06-26 19:07:42.0,2018-06-26 19:08:15.0
662,a73743cdd19baef833df253efb003cd5,33,22,0,0,2018-06-26 19:07:42.0,2018-06-26 19:08:15.0
663,f1bc1819683c9078829919203bea608d,33,27,0,0,2018-06-26 19:07:42.0,2018-06-26 19:08:15.0
664,cc907d41238def2617fe06316941c757,33,1,0,0,2018-06-26 19:07:42.0,2018-06-26 19:08:15.0
665,78fd5f0dca38c19872fb66593960735b,33,5,0,0,2018-06-26 19:07:42.0,2018-06-26 19:08:15.0
666,56f0e33024c8cfd81eaa9db24f0f88fc,33,52,0,0,2018-06-26 19:07:42.0,2018-06-26 19:08:15.0
667,361f3f49713090d04ea4e18d146a3913,33,54,0,0,2018-06-26 19:07:42.0,2018-06-26 19:08:15.0
668,1e3c9da930c5351dd5406834f7c08a84,33,59,0,0,2018-06-26 19:07:42.0,2018-06-26 19:08:15.0
669,c3680dcbe24498e1e84769f8ff85e54d,33,62,0,0,2018-06-26 19:07:42.0,2018-06-26 19:08:15.0
670,b20592a5388d04c01fbdfc71744645db,33,261,0,0,2018-06-26 19:07:42.0,2018-06-26 19:08:15.0
671,7e0b2b2584781ebdee5afa62a8737679,33,23,0,0,2018-06-26 19:07:42.0,2018-06-26 19:08:15.0
672,9efa908f8c7337cf5a7b42ae0e225387,33,25,0,0,2018-06-26 19:07:42.0,2018-06-26 19:08:15.0
673,578f5c15f1f1594ce890f4212e7c0d2f,33,26,0,0,2018-06-26 19:07:42.0,2018-06-26 19:08:15.0
674,9421d9b63a7f2951c12ce1e4cc980d6e,33,33,0,0,2018-06-26 19:07:42.0,2018-06-26 19:08:16.0
675,aa0e7390af150978f0b50bf3d279b938,33,34,0,0,2018-06-26 19:07:42.0,2018-06-26 19:08:16.0
676,ce9945d89f313d933270758c69dcda6c,33,179,0,0,2018-06-26 19:07:42.0,2018-06-26 19:08:16.0
677,c856edacc50353c4160a091c892716e7,33,180,0,0,2018-06-26 19:07:42.0,2018-06-26 19:08:16.0
678,c63a14c86b082735f5a4614d967dc379,33,181,0,0,2018-06-26 19:07:42.0,2018-06-26 19:08:16.0
679,fc85b5e4548e50ea8538f3f229654d26,33,188,0,0,2018-06-26 19:07:42.0,2018-06-26 19:08:16.0
680,c65c9df4603e4574e7c2fee94e965bd8,33,189,0,0,2018-06-26 19:07:42.0,2018-06-26 19:08:16.0
681,2e1c7ac78654e0c2efa2a862502862d7,33,190,0,0,2018-06-26 19:07:42.0,2018-06-26 19:08:16.0
682,e09200aeebeab2d1834d884db94cca8c,33,203,0,0,2018-06-26 19:07:42.0,2018-06-26 19:08:16.0
683,831f822813bf80ba7f84672694bfb658,33,205,0,0,2018-06-26 19:07:42.0,2018-06-26 19:08:16.0
684,9debefbb3aaf85a83a87c2183a43f337,33,191,0,0,2018-06-26 19:07:42.0,2018-06-26 19:08:16.0
685,2d8f59e5794e5d9799420bae7d96d59d,33,192,0,0,2018-06-26 19:07:42.0,2018-06-26 19:08:16.0
686,444a20e1574b6471f72fbb7ce5ef513e,33,193,0,0,2018-06-26 19:07:42.0,2018-06-26 19:08:16.0
687,6152edda2406559dc7a432152019f9b7,33,194,0,0,2018-06-26 19:07:42.0,2018-06-26 19:08:16.0
688,b776c825148df54cc96b1c7643bd6c77,33,195,0,0,2018-06-26 19:07:42.0,2018-06-26 19:08:16.0
689,89c803245c03292f36c13523cf0f8b2f,33,196,0,0,2018-06-26 19:07:42.0,2018-06-26 19:08:16.0
690,de8869585439b4862fd9a0f53fd6e77a,33,197,0,0,2018-06-26 19:07:42.0,2018-06-26 19:08:16.0
691,9a7790f584933e7a318baf6badbff5d2,33,198,0,0,2018-06-26 19:07:42.0,2018-06-26 19:08:16.0
692,9f21b2e0ffed3a59ccf529718d888b91,33,199,0,0,2018-06-26 19:07:42.0,2018-06-26 19:08:16.0
693,ecdf9434f30e4b89c318287206b85b80,33,200,0,0,2018-06-26 19:07:42.0,2018-06-26 19:08:16.0
694,83bdf5f7356fc48c32d24334387665ad,33,201,0,0,2018-06-26 19:07:42.0,2018-06-26 19:08:16.0
695,b160c197006effa4b55b55c5caf0c29d,33,204,0,0,2018-06-26 19:07:42.0,2018-06-26 19:08:16.0
696,aa007c1fce1748371464b92156d519f7,33,202,0,0,2018-06-26 19:07:43.0,2018-06-26 19:08:16.0
697,7bff104b44f9d6b09c724031de0152ee,33,262,0,0,2018-06-26 19:07:43.0,2018-06-26 19:08:16.0
698,29dc2d2f687495edbb43461b12d09023,33,250,0,0,2018-06-26 19:07:43.0,2018-06-26 19:08:16.0
699,a12f90b173066ffd923c5bf7f1b58f19,33,251,0,0,2018-06-26 19:07:43.0,2018-06-26 19:08:16.0
700,9dc75b0f5d5006b88e663eeb69142f88,33,252,0,0,2018-06-26 19:07:43.0,2018-06-26 19:08:16.0
701,08ae34a32b8f87749fb0aef2cb0edc35,33,253,0,0,2018-06-26 19:07:43.0,2018-06-26 19:08:16.0
702,7c2b7a6bff94b7cc1f7cb501629abe63,33,256,0,0,2018-06-26 19:07:43.0,2018-06-26 19:08:16.0
703,8097e74b99194aded685093d60b3d6ef,33,257,0,0,2018-06-26 19:07:43.0,2018-06-26 19:08:16.0
704,312751f10280f9b400aaaa6160407a05,33,269,0,0,2018-06-26 19:07:43.0,2018-06-26 19:08:16.0
705,2d6d6e6b85b524c83cc4e1513e4171c0,33,254,0,0,2018-06-26 19:07:43.0,2018-06-26 19:08:16.0
706,27d29ee52981691255078c8ce95d876a,33,255,0,0,2018-06-26 19:07:43.0,2018-06-26 19:08:16.0
707,f00f496123055df3d020b62e006322dd,33,263,0,0,2018-06-26 19:07:43.0,2018-06-26 19:08:16.0
708,0278c3b1d1ad274016ac9bfe58a4976a,33,264,0,0,2018-06-26 19:07:43.0,2018-06-26 19:08:16.0
709,30d1be8b2cbe60adfa84e583193b1e0b,33,265,0,0,2018-06-26 19:07:43.0,2018-06-26 19:08:16.0
710,ada5055ae7db10cae30638d254f95c28,33,266,0,0,2018-06-26 19:07:43.0,2018-06-26 19:08:16.0
711,2b9a4ce5d8ce1d75f5a8eca77d982d69,33,267,0,0,2018-06-26 19:07:43.0,2018-06-26 19:08:16.0
712,34999a4d0b076e25ab15f81c1c087171,33,268,0,0,2018-06-26 19:07:43.0,2018-06-26 19:08:16.0
713,837c6d0e7a662c62b7578a96fc7b35f7,33,276,0,0,2018-06-26 19:07:43.0,2018-06-26 19:08:16.0
714,6663f79e83c4abde4338a905d4bf0ade,33,270,0,0,2018-06-26 19:07:43.0,2018-06-26 19:08:16.0
715,0296b20e5b109cd165b8310f8040b501,33,271,0,0,2018-06-26 19:07:43.0,2018-06-26 19:08:16.0
716,81243df8d11c6dad230faf313f104dab,33,274,0,0,2018-06-26 19:07:43.0,2018-06-26 19:08:16.0
717,1535d3a43219a4205c491c680d694d34,33,279,0,0,2018-06-26 19:07:43.0,2018-06-26 19:08:16.0
718,6582f88ec720a07f705bfdcdae0a01a3,33,248,0,0,2018-06-26 19:07:43.0,2018-06-26 19:08:16.0
719,8bb5e4304d636c9132200b86e49b5e25,33,241,0,0,2018-06-26 19:07:43.0,2018-06-26 19:08:16.0
720,fd5c222aa56a4159a23d0c78506ed2cd,33,242,0,0,2018-06-26 19:07:43.0,2018-06-26 19:08:16.0
721,0dafd7340c85b6d622c974aa882e812b,33,243,0,0,2018-06-26 19:07:43.0,2018-06-26 19:08:16.0
722,536892ddd618b69a329234bcc193c5cb,33,247,0,0,2018-06-26 19:07:43.0,2018-06-26 19:08:16.0
723,402ee1b6ee44bdbc8faaeaadf10bf6bc,33,277,0,0,2018-06-26 19:07:43.0,2018-06-26 19:08:16.0
724,43334d553f8adb25fb2774ee67582902,33,218,0,0,2018-06-26 19:07:43.0,2018-06-26 19:08:16.0
725,20e3058daad5b2ccd983d2014577daf0,33,219,0,0,2018-06-26 19:07:43.0,2018-06-26 19:08:16.0
726,cb78fb9ab3d33a1e46ae405a4cb4fa21,33,220,0,0,2018-06-26 19:07:43.0,2018-06-26 19:08:16.0
727,5637ccf3aaa3882b1aac63a96511c097,33,221,0,0,2018-06-26 19:07:43.0,2018-06-26 19:08:16.0
728,247ca510d5ca22df09e822e648a2a5da,33,222,0,0,2018-06-26 19:07:43.0,2018-06-26 19:08:16.0
729,a3519719c37d0e5e1845d8860c019b92,33,223,0,0,2018-06-26 19:07:43.0,2018-06-26 19:08:16.0
730,1b779a2f2686e0dfc42ae2e79565596e,33,224,0,0,2018-06-26 19:07:43.0,2018-06-26 19:08:16.0
731,9a151d2740a9c816063a1c731e9a10ec,33,225,0,0,2018-06-26 19:07:43.0,2018-06-26 19:08:17.0
732,8c3c9a216b9a1732b6ff6e1470f4560b,33,226,0,0,2018-06-26 19:07:43.0,2018-06-26 19:08:17.0
733,898c59daf36d9cd54a42a3e9c857ae7b,33,227,0,0,2018-06-26 19:07:43.0,2018-06-26 19:08:17.0
734,267f01c1beb4c69c39c8278e8693bb43,33,228,0,0,2018-06-26 19:07:43.0,2018-06-26 19:08:17.0
735,83bbb02b2f6beaceb0f34010f4cecd21,33,229,0,0,2018-06-26 19:07:43.0,2018-06-26 19:08:17.0
736,c7a31b8d45e893b0ab4c6cd24574fee9,33,230,0,0,2018-06-26 19:07:43.0,2018-06-26 19:08:17.0
737,68c73d8b37461c3d9db987463275a51d,33,231,0,0,2018-06-26 19:07:43.0,2018-06-26 19:08:17.0
738,b9b7f989cfd042326f64da614b1d5aa2,33,232,0,0,2018-06-26 19:07:43.0,2018-06-26 19:08:17.0
739,82df5fceb99017bfcb9c9006d7f7beaa,33,233,0,0,2018-06-26 19:07:43.0,2018-06-26 19:08:17.0
740,832aada739b00cbbe2dd4ca342dc41d9,33,234,0,0,2018-06-26 19:07:43.0,2018-06-26 19:08:17.0
741,ff236c3b899d67c854164da0b2befc7c,33,235,0,0,2018-06-26 19:07:43.0,2018-06-26 19:08:17.0
742,86471deaaf5870fad7cd388540920c3f,33,273,0,0,2018-06-26 19:07:43.0,2018-06-26 19:08:17.0
743,a5867c2f439c6c6ee316634344d51511,33,283,0,0,2018-06-26 19:07:43.0,2018-06-26 19:08:17.0
744,0c8387f52b839e90103eeae720224fde,33,479,0,0,2018-06-26 19:07:43.0,2018-06-26 19:08:17.0
745,57ceafe44c6532986cef96bb47542d8d,33,480,0,0,2018-06-26 19:07:43.0,2018-06-26 19:08:17.0
746,c23fb1d1ef737f47cf89c2fc6571bc4b,33,296,0,0,2018-06-26 19:07:43.0,2018-06-26 19:08:17.0
747,88afc4376dbdd9e5a8bc2bd48852e0b6,33,314,0,0,2018-06-26 19:07:43.0,2018-06-26 19:08:17.0
748,8c55f485de6a81fd3917639af231fc14,33,315,0,0,2018-06-26 19:07:43.0,2018-06-26 19:08:17.0
749,0e5b19a94a1db444f07e8242d1fa4c4f,33,316,0,0,2018-06-26 19:07:43.0,2018-06-26 19:08:17.0
750,a668efb724375f8059e836d731458050,33,317,0,0,2018-06-26 19:07:43.0,2018-06-26 19:08:17.0
751,c6e1b9391e33638ade3d5c5122c7220c,33,318,0,0,2018-06-26 19:07:43.0,2018-06-26 19:08:17.0
752,1da7327caf740074a7f7e8c61c1eb4a8,33,319,0,0,2018-06-26 19:07:44.0,2018-06-26 19:08:17.0
753,50fe8cfecd817737770afe3f85d717f3,33,320,0,0,2018-06-26 19:07:44.0,2018-06-26 19:08:17.0
754,78f8f68da35fbacc1db82ec38999263f,33,321,0,0,2018-06-26 19:07:44.0,2018-06-26 19:08:17.0
755,10e7daef5dcba00c21028cde7d11750c,33,322,0,0,2018-06-26 19:07:44.0,2018-06-26 19:08:17.0
756,d305f8484ccb3e2bf81f29dea3805a52,33,323,0,0,2018-06-26 19:07:44.0,2018-06-26 19:08:17.0
757,79127e6084c814f8e3da8bd8abb1be7b,33,324,0,0,2018-06-26 19:07:44.0,2018-06-26 19:08:17.0
758,0f2ea068a1339f5dca05006b246538a4,33,325,0,0,2018-06-26 19:07:44.0,2018-06-26 19:08:17.0
759,ae937e5ef0e9fdc9625cc0f94045f97b,33,326,0,0,2018-06-26 19:07:44.0,2018-06-26 19:08:17.0
760,b0bb4815e75ffcf6c52c80612c10bf18,33,327,0,0,2018-06-26 19:07:44.0,2018-06-26 19:08:17.0
761,aaa8cc1e8ec808b2016826c99a5bfcba,33,328,0,0,2018-06-26 19:07:44.0,2018-06-26 19:08:17.0
762,6ac5776bbacefb86d02a0899ceda48f0,33,329,0,0,2018-06-26 19:07:44.0,2018-06-26 19:08:17.0
763,c2ce6c996c13a85dfa06dd510b0e5261,33,330,0,0,2018-06-26 19:07:44.0,2018-06-26 19:08:17.0
764,2ebd8707b555a813a7c12917e4af6949,33,331,0,0,2018-06-26 19:07:44.0,2018-06-26 19:08:17.0
765,08770c2d9b71cad6fb4eaa3982466d11,33,332,0,0,2018-06-26 19:07:44.0,2018-06-26 19:08:17.0
766,88f7db48dd56b9e2c49dded1d2c09b5d,33,333,0,0,2018-06-26 19:07:44.0,2018-06-26 19:08:17.0
767,9d07cdc2d99b180046a06f188ec6f7c6,33,334,0,0,2018-06-26 19:07:44.0,2018-06-26 19:08:17.0
768,cb0f1c54745c59f4ad7db97720d51f64,33,335,0,0,2018-06-26 19:07:44.0,2018-06-26 19:08:17.0
769,bea71f25934ba63c34f9ccbd44a27854,33,336,0,0,2018-06-26 19:07:44.0,2018-06-26 19:08:17.0
770,291f9c2374f2d5dc0847f84795dc26d0,33,337,0,0,2018-06-26 19:07:44.0,2018-06-26 19:08:17.0
771,2e3211a439cc6dc0ca74444e823166af,33,338,0,0,2018-06-26 19:07:44.0,2018-06-26 19:08:17.0
772,e8e002173d3d7528380ccf9552f83228,33,339,0,0,2018-06-26 19:07:44.0,2018-06-26 19:08:17.0
773,77548dc31d5dd35273969c667978e761,33,340,0,0,2018-06-26 19:07:44.0,2018-06-26 19:08:17.0
774,fcdc21870d2cfaeaaf559d4fb5d5be9f,33,341,0,0,2018-06-26 19:07:44.0,2018-06-26 19:08:17.0
775,579490a25b5c37958a0e009423e80d02,33,342,0,0,2018-06-26 19:07:44.0,2018-06-26 19:08:17.0
776,f32d829a9e6da7771ccabecf5a06f628,33,343,0,0,2018-06-26 19:07:44.0,2018-06-26 19:08:17.0
777,0fe7a4c2d07d844e6f0e425314baeb52,33,344,0,0,2018-06-26 19:07:44.0,2018-06-26 19:08:17.0
778,0455d3f730635530d1146128ba1b9b61,33,345,0,0,2018-06-26 19:07:44.0,2018-06-26 19:08:17.0
779,53bc09fb2d6747a71f7e4edb8a54c839,33,346,0,0,2018-06-26 19:07:44.0,2018-06-26 19:08:17.0
780,aac01001dbadaead4c2de30099cddeb7,33,347,0,0,2018-06-26 19:07:44.0,2018-06-26 19:08:17.0
781,89328c94c4d76df6913e831860eeb03b,33,348,0,0,2018-06-26 19:07:44.0,2018-06-26 19:08:17.0
782,4e8cea1282fb1381b04fb3aef25ef349,33,349,0,0,2018-06-26 19:07:44.0,2018-06-26 19:08:17.0
783,73e7ee7488b70a9d360147c15fae7198,33,350,0,0,2018-06-26 19:07:44.0,2018-06-26 19:08:17.0
784,f4e2d8ce72ddc3a5674eb9e8ae302862,33,351,0,0,2018-06-26 19:07:44.0,2018-06-26 19:08:17.0
785,5ea093cd0e0aed3aeb1a0a407f982b04,33,352,0,0,2018-06-26 19:07:44.0,2018-06-26 19:08:17.0
786,82c9604e960c7c5869bdec5e42ba8d30,33,353,0,0,2018-06-26 19:07:44.0,2018-06-26 19:08:17.0
787,fab434b13b2f4a34a00b7ee1f48d4efa,33,354,0,0,2018-06-26 19:07:44.0,2018-06-26 19:08:17.0
788,16924294dcf816dce0c32e06aabb4068,33,355,0,0,2018-06-26 19:07:44.0,2018-06-26 19:08:17.0
789,e1e08ab2187e9175f7a4365b00815f8a,33,356,0,0,2018-06-26 19:07:44.0,2018-06-26 19:08:17.0
790,b9d4a6b4604982050fbe49e47bbea40c,33,366,0,0,2018-06-26 19:07:44.0,2018-06-26 19:08:17.0
791,26e0cea51341c2f758cffc36cfbfdbda,33,367,0,0,2018-06-26 19:07:44.0,2018-06-26 19:08:18.0
792,4595ff96e5864da14a664bf1810e5a4f,33,368,0,0,2018-06-26 19:07:44.0,2018-06-26 19:08:18.0
793,d9267bf8fb5ebcacb1e8263b3dad2f91,33,369,0,0,2018-06-26 19:07:44.0,2018-06-26 19:08:18.0
794,70ceb65cd4a2c77cfc42846e8990ed7e,33,278,0,0,2018-06-26 19:07:44.0,2018-06-26 19:08:18.0
795,cadf0ad7dc1677fbb76bdb5a83f34280,33,281,0,0,2018-06-26 19:07:44.0,2018-06-26 19:08:18.0
796,65945e2713b804558592f7413b8e9414,33,282,0,0,2018-06-26 19:07:44.0,2018-06-26 19:08:18.0
797,4a8f14970f09e23087c6f46b6429ee65,33,359,0,0,2018-06-26 19:07:44.0,2018-06-26 19:08:18.0
798,550459e99412c02ce86135f18849ae48,33,361,0,0,2018-06-26 19:07:44.0,2018-06-26 19:08:18.0
799,a09604b989004fc56233894683fd654d,33,371,0,0,2018-06-26 19:07:44.0,2018-06-26 19:08:18.0
800,f05a90e257a2c5edbee9ccbecddabc7b,33,372,0,0,2018-06-26 19:07:44.0,2018-06-26 19:08:18.0
801,ea4e656f757a60b77d681c2145f71cb8,33,373,0,0,2018-06-26 19:07:44.0,2018-06-26 19:08:18.0
802,7f6af0483a5333e3e090648cf594bc04,33,374,0,0,2018-06-26 19:07:44.0,2018-06-26 19:08:18.0
803,565dae45bc5f486190c36e496dc7c56d,33,285,0,0,2018-06-26 19:07:44.0,2018-06-26 19:08:18.0
804,83c04ae4914f05cb21ea8313d788d865,33,375,0,0,2018-06-26 19:07:44.0,2018-06-26 19:08:18.0
805,d41b48097baf9546e4ca3ad6074cf73c,33,376,0,0,2018-06-26 19:07:44.0,2018-06-26 19:08:18.0
806,e5e61507f830f12df84a6b17da4bcaa3,33,377,0,0,2018-06-26 19:07:45.0,2018-06-26 19:08:18.0
807,2b67fdca5099139e91cce06c67474726,33,378,0,0,2018-06-26 19:07:45.0,2018-06-26 19:08:18.0
808,9539f5c1ef2028d4ba319db38fe641c2,33,379,0,0,2018-06-26 19:07:45.0,2018-06-26 19:08:18.0
809,de724f8757fc622bad2ace203095384e,33,286,0,0,2018-06-26 19:07:45.0,2018-06-26 19:08:18.0
810,f6a004a62e5ca104910290cb198ff852,33,288,0,0,2018-06-26 19:07:45.0,2018-06-26 19:08:18.0
811,2e38f559514a4aa0c221290ef5de5eff,33,289,0,0,2018-06-26 19:07:45.0,2018-06-26 19:08:18.0
812,96b3926a4e5450b7f0e1b95430deb051,33,291,0,0,2018-06-26 19:07:45.0,2018-06-26 19:08:18.0
813,197fbea84225d8c620c57b28f5cda531,33,294,0,0,2018-06-26 19:07:45.0,2018-06-26 19:08:18.0
814,3c9aa2b8b7c56185abff525c88edc0f2,33,385,0,0,2018-06-26 19:07:45.0,2018-06-26 19:08:18.0
815,6d558fbad908aebad8afe1ab9fabead4,33,389,0,0,2018-06-26 19:07:45.0,2018-06-26 19:08:18.0
816,af64f654fc6d5f318fe3a5d76830c0b7,33,284,0,0,2018-06-26 19:07:45.0,2018-06-26 19:08:18.0
817,a1110be08ececc310c2fd44c73f88030,33,287,0,0,2018-06-26 19:07:45.0,2018-06-26 19:08:18.0
818,c44b4e8114f893b54d35abcdda351227,33,391,0,0,2018-06-26 19:07:45.0,2018-06-26 19:08:18.0
819,e38e54022807d55b26a6bfe9f53e1e00,33,392,0,0,2018-06-26 19:07:45.0,2018-06-26 19:08:18.0
820,0ad23e305c6a53547fd6a98c1c81232a,33,393,0,0,2018-06-26 19:07:45.0,2018-06-26 19:08:18.0
821,e9d4b7962fcdde350c89ed2b800b9ee2,33,394,0,0,2018-06-26 19:07:45.0,2018-06-26 19:08:18.0
822,ab2d0d5965d80dc0a6fdfbf156deee14,33,395,0,0,2018-06-26 19:07:45.0,2018-06-26 19:08:18.0
823,cae79fcdc42d780f15649055c11f3a18,33,292,0,0,2018-06-26 19:07:45.0,2018-06-26 19:08:18.0
824,a70d9b6271ed906e03affb269302d938,33,293,0,0,2018-06-26 19:07:45.0,2018-06-26 19:08:18.0
825,b465f3ebc60bb911924639f1e306450b,33,396,0,0,2018-06-26 19:07:45.0,2018-06-26 19:08:18.0
826,6ecd42a39e92a13bf6251ec40c0e58a4,33,397,0,0,2018-06-26 19:07:45.0,2018-06-26 19:08:18.0
827,f91ee8f13dcb7de33e10da5dcc3abe82,33,398,0,0,2018-06-26 19:07:45.0,2018-06-26 19:08:18.0
828,b368f382be2f14d5f99ec2ea66ed8dd2,33,399,0,0,2018-06-26 19:07:45.0,2018-06-26 19:08:18.0
829,187254b561c2b06e2dfe7ac77d171f44,33,400,0,0,2018-06-26 19:07:45.0,2018-06-26 19:08:18.0
830,39d4620bc0599d4fd8e90c789f21f2cb,33,401,0,0,2018-06-26 19:07:45.0,2018-06-26 19:08:18.0
831,4671e32d5e62291b3fb58422ee02d946,33,402,0,0,2018-06-26 19:07:45.0,2018-06-26 19:08:18.0
832,f3c379f030ed2c754b9bb9f1c81d008a,33,403,0,0,2018-06-26 19:07:45.0,2018-06-26 19:08:18.0
833,35b27401f762aff3aa68eb96922efa5c,33,290,0,0,2018-06-26 19:07:45.0,2018-06-26 19:08:18.0
834,eb5c86ab84aa01e599937abe8fac973a,33,362,0,0,2018-06-26 19:07:45.0,2018-06-26 19:08:18.0
835,06b0735c75787236e9ba28da26a5310b,33,404,0,0,2018-06-26 19:07:45.0,2018-06-26 19:08:18.0
836,48d90f47654297fa9a14ce52ae68f3b0,33,405,0,0,2018-06-26 19:07:45.0,2018-06-26 19:08:18.0
837,39dab080890e80c0a6b0c4d33b997f1d,33,406,0,0,2018-06-26 19:07:45.0,2018-06-26 19:08:18.0
838,6d025234125f22671c2582b817b7c2d1,33,407,0,0,2018-06-26 19:07:45.0,2018-06-26 19:08:18.0
839,257f2ae724185847e2631cf4b524e231,33,295,0,0,2018-06-26 19:07:45.0,2018-06-26 19:08:18.0
840,c402bd8f0be7b60a0f19b53861c5859a,33,302,0,0,2018-06-26 19:07:45.0,2018-06-26 19:08:18.0
841,ea337b44bc23a9c172737ba7ef70bb4a,33,303,0,0,2018-06-26 19:07:45.0,2018-06-26 19:08:18.0
842,b742757a55eb55982552b1386f29b8a6,33,408,0,0,2018-06-26 19:07:45.0,2018-06-26 19:08:18.0
843,9838b958df73a3bccef6e8d9c1826352,33,409,0,0,2018-06-26 19:07:45.0,2018-06-26 19:08:18.0
844,d7ae6cd9efe36b90000f56969b7b138d,33,410,0,0,2018-06-26 19:07:45.0,2018-06-26 19:08:18.0
845,8ca9f906a4513a4818568a397babe1d6,33,411,0,0,2018-06-26 19:07:45.0,2018-06-26 19:08:18.0
846,3022030fa9edbd63181524f6fc57580f,33,412,0,0,2018-06-26 19:07:45.0,2018-06-26 19:08:18.0
847,0a9a198abd2665562fc0a6ced71d2883,33,413,0,0,2018-06-26 19:07:45.0,2018-06-26 19:08:18.0
848,dbd34e4bdfa23dffea026116bb6a9afb,33,414,0,0,2018-06-26 19:07:45.0,2018-06-26 19:08:18.0
849,16d6d15f0e49f0b2940658f7e1b37cae,33,416,0,0,2018-06-26 19:07:45.0,2018-06-26 19:08:18.0
850,96c0064ab7ed76f9c1d458ec8b1cbe63,33,417,0,0,2018-06-26 19:07:45.0,2018-06-26 19:08:18.0
851,9ef9810e7d9fddca508f65a26ed7e1f6,33,481,0,0,2018-06-26 19:07:45.0,2018-06-26 19:08:19.0
852,cf6629079d606785a9f2f1759ae1c85f,33,304,0,0,2018-06-26 19:07:45.0,2018-06-26 19:08:19.0
853,247da3b530cc020c4ee6077291c3f8b9,33,415,0,0,2018-06-26 19:07:45.0,2018-06-26 19:08:19.0
854,d45031e8dcd819e4ce60685ef2803821,33,418,0,0,2018-06-26 19:07:45.0,2018-06-26 19:08:19.0
855,340edcc16d2a612f1a89475f01e370da,33,419,0,0,2018-06-26 19:07:45.0,2018-06-26 19:08:19.0
856,19a837707ece12a299fa1b829fae0f45,33,420,0,0,2018-06-26 19:07:45.0,2018-06-26 19:08:19.0
857,8ecfc8d7003c5ca4d1eddace94d87fe7,33,421,0,0,2018-06-26 19:07:45.0,2018-06-26 19:08:19.0
858,c6771517ec65da213b0a23782cf8a3f1,33,422,0,0,2018-06-26 19:07:45.0,2018-06-26 19:08:19.0
859,eaa3a5aab82da99f04e2c7e95ca97a71,33,423,0,0,2018-06-26 19:07:45.0,2018-06-26 19:08:19.0
860,57d306e20fe66feb85cd97004639123f,33,424,0,0,2018-06-26 19:07:45.0,2018-06-26 19:08:19.0
861,8740e627499c53f9d33bb62be0aad8a7,33,425,0,0,2018-06-26 19:07:45.0,2018-06-26 19:08:19.0
862,c26b9d81f417d588babfddd5c27b9189,33,426,0,0,2018-06-26 19:07:46.0,2018-06-26 19:08:19.0
863,e17495e7e2226e9120eda1f9d9d317d1,33,427,0,0,2018-06-26 19:07:46.0,2018-06-26 19:08:19.0
864,dec9e9d381cb437b8715e2af10d70697,33,428,0,0,2018-06-26 19:07:46.0,2018-06-26 19:08:19.0
865,753e3f150a2a69978e2399be08522c5c,33,429,0,0,2018-06-26 19:07:46.0,2018-06-26 19:08:19.0
866,86f61acdc9f0b082d2b2c8f22c8a2b9a,33,430,0,0,2018-06-26 19:07:46.0,2018-06-26 19:08:19.0
867,f11a98259b2a8ba98640ed7e3195771d,33,431,0,0,2018-06-26 19:07:46.0,2018-06-26 19:08:19.0
868,eca830790c28e9af138e074e935817e9,33,432,0,0,2018-06-26 19:07:46.0,2018-06-26 19:08:19.0
869,cbe92705d004d9e0051b53f5b467fccd,33,433,0,0,2018-06-26 19:07:46.0,2018-06-26 19:08:19.0
870,ef86ee6c71d8a211bbf6d8fc8598f5cc,33,434,0,0,2018-06-26 19:07:46.0,2018-06-26 19:08:19.0
871,000f2a772d40670ed99da295fbafab73,33,436,0,0,2018-06-26 19:07:46.0,2018-06-26 19:08:19.0
872,29ca7d748091e99332a76d4693ac153f,33,364,0,0,2018-06-26 19:07:46.0,2018-06-26 19:08:19.0
873,44cd9ec0c0d134598ed4ba46903ab14a,33,435,0,0,2018-06-26 19:07:46.0,2018-06-26 19:08:19.0
874,f772dab720deea06e991398e3c8ce7be,33,437,0,0,2018-06-26 19:07:46.0,2018-06-26 19:08:19.0
875,fb3ecbddf81782edee3b8b760643543b,33,438,0,0,2018-06-26 19:07:46.0,2018-06-26 19:08:19.0
876,cb5a1e8b06d84961be8e90fa0c3ee18d,33,439,0,0,2018-06-26 19:07:46.0,2018-06-26 19:08:19.0
877,d38438d523d18a21f2fd7b3dc0ddd329,33,497,0,0,2018-06-26 19:07:46.0,2018-06-26 19:08:19.0
878,cfa12aeb08568de1a72308e68b0491ca,33,444,0,0,2018-06-26 19:07:46.0,2018-06-26 19:08:19.0
879,e56023253a2a0106f25f70a9227c9ded,33,445,0,0,2018-06-26 19:07:46.0,2018-06-26 19:08:19.0
880,a9d18d9446ef628796522507326ceb71,33,446,0,0,2018-06-26 19:07:46.0,2018-06-26 19:08:19.0
881,ca3485d60bbabc75c844df19dae9db94,33,447,0,0,2018-06-26 19:07:46.0,2018-06-26 19:08:19.0
882,da0f97211221ed4385216d6263694da7,33,448,0,0,2018-06-26 19:07:46.0,2018-06-26 19:08:19.0
883,92a827b0c9a1d3a3dca1f1065c7a8120,33,449,0,0,2018-06-26 19:07:46.0,2018-06-26 19:08:19.0
884,c5d9081c56a6b125281afdc452903f19,33,440,0,0,2018-06-26 19:07:46.0,2018-06-26 19:08:19.0
885,b05614878a0c2db20e38d94fe32b322f,33,441,0,0,2018-06-26 19:07:46.0,2018-06-26 19:08:19.0
886,8289eaf01ab28664359da2e3c6829797,33,442,0,0,2018-06-26 19:07:46.0,2018-06-26 19:08:19.0
887,c1eb174eae96719d6e576399b2d1635b,33,443,0,0,2018-06-26 19:07:46.0,2018-06-26 19:08:19.0
888,53dd6bd9d177282b7d8e1e38588d17b5,33,306,0,0,2018-06-26 19:07:46.0,2018-06-26 19:08:19.0
889,20cd9f9aa65c3b5685d74775e9851756,33,450,0,0,2018-06-26 19:07:46.0,2018-06-26 19:08:19.0
890,67633d90b2012388b8cdcebea482e1e6,33,451,0,0,2018-06-26 19:07:46.0,2018-06-26 19:08:19.0
891,97a333fdc335282258d45366fa9a0d72,33,452,0,0,2018-06-26 19:07:46.0,2018-06-26 19:08:19.0
892,3bf421f92ab47f0ca86e4b31c8323943,33,453,0,0,2018-06-26 19:07:46.0,2018-06-26 19:08:19.0
893,7701a74cceb8e4c4d52e6da7262aea4f,33,457,0,0,2018-06-26 19:07:46.0,2018-06-26 19:08:19.0
894,d1adb8bce0207feff84cb7f4ab7bcdae,33,458,0,0,2018-06-26 19:07:46.0,2018-06-26 19:08:19.0
895,39297b5188cf42399d94da1863a0b5a4,33,244,0,0,2018-06-26 19:07:46.0,2018-06-26 19:08:19.0
896,134cdf0c261b1a59a49196b46eeeb214,33,454,0,0,2018-06-26 19:07:46.0,2018-06-26 19:08:19.0
897,30b3c1823adced51ad69053bf1378f22,33,455,0,0,2018-06-26 19:07:46.0,2018-06-26 19:08:19.0
898,ed66ee35b17b5727c943e75fb1c46325,33,456,0,0,2018-06-26 19:07:46.0,2018-06-26 19:08:19.0
899,ed2d2efab72f15e799dec9c643fe76d6,33,461,0,0,2018-06-26 19:07:46.0,2018-06-26 19:08:19.0
900,062329de2aca47fe6c6a94252fde90a9,33,357,0,0,2018-06-26 19:07:46.0,2018-06-26 19:08:19.0
901,76f0d24093b141a71296c9eaf67d52d5,33,360,0,0,2018-06-26 19:07:46.0,2018-06-26 19:08:19.0
902,d4ff3fc24c9a3ea3ed8f59da35477c77,33,370,0,0,2018-06-26 19:07:46.0,2018-06-26 19:08:19.0
903,380c41ea7bc996fd01a5c908b35c2904,33,467,0,0,2018-06-26 19:07:46.0,2018-06-26 19:08:19.0
904,b21947515699a14e592b4ef925df3a48,33,468,0,0,2018-06-26 19:07:46.0,2018-06-26 19:08:19.0
905,86a610f83c87bd793300ca10d7db86e5,33,469,0,0,2018-06-26 19:07:46.0,2018-06-26 19:08:19.0
906,90f0b9d035068b64a5734cc13b6119bb,33,470,0,0,2018-06-26 19:07:46.0,2018-06-26 19:08:19.0
907,1b17fd7df9d932efff8268a50d964206,33,471,0,0,2018-06-26 19:07:46.0,2018-06-26 19:08:19.0
908,3ec60eddf8481fd22103247ec8fc62c5,33,472,0,0,2018-06-26 19:07:46.0,2018-06-26 19:08:19.0
909,4c2a3017787712681ad5c6aae718ec7f,33,473,0,0,2018-06-26 19:07:46.0,2018-06-26 19:08:19.0
910,806ca484d8559762061419295dc6e373,33,474,0,0,2018-06-26 19:07:46.0,2018-06-26 19:08:19.0
911,9de7696ffdd88c5eed03be61d1cebb82,33,245,0,0,2018-06-26 19:07:46.0,2018-06-26 19:08:20.0
912,b8f4a38a6ce2e3bd292280c63907c0c1,33,246,0,0,2018-06-26 19:07:46.0,2018-06-26 19:08:20.0
913,c75317aca7b1ac894ee939e1de8ec36c,33,358,0,0,2018-06-26 19:07:46.0,2018-06-26 19:08:20.0
914,9cc817db74d8940eb8bcec9d2e2e01bb,33,363,0,0,2018-06-26 19:07:46.0,2018-06-26 19:08:20.0
915,9b23040c80bde70692336c96ac8395af,33,475,0,0,2018-06-26 19:07:46.0,2018-06-26 19:08:20.0
916,f3c9ff5f3397b04095e8c518e6975250,33,476,0,0,2018-06-26 19:07:46.0,2018-06-26 19:08:20.0
917,6a73dbd2fd0229d45e45474c124d746f,33,477,0,0,2018-06-26 19:07:46.0,2018-06-26 19:08:20.0
918,b3d80745b1d627dfb01287cdf3b34683,33,478,0,0,2018-06-26 19:07:46.0,2018-06-26 19:08:20.0
919,38b04c40caf55e6aeb542617e33f36d0,33,528,0,0,2018-06-26 19:07:46.0,2018-06-26 19:08:20.0
920,22519b58bdc435b7d7727a4602cc59c7,33,464,0,0,2018-06-26 19:07:46.0,2018-06-26 19:08:20.0
921,f3c51448ccfae65122219f17a3c4b884,33,465,0,0,2018-06-26 19:07:46.0,2018-06-26 19:08:20.0
922,64a01b018c3b425d1301806bc6a9adf9,33,466,0,0,2018-06-26 19:07:47.0,2018-06-26 19:08:20.0
923,09be6a4a0b8c3c071524c9a3dc33c0df,33,280,0,0,2018-06-26 19:07:47.0,2018-06-26 19:08:20.0
924,ed0bf36b5baa2415f44e23fefad06667,33,305,0,0,2018-06-26 19:07:47.0,2018-06-26 19:08:20.0
925,f694f4d17ba0a078569d47f4870e5668,33,307,0,0,2018-06-26 19:07:47.0,2018-06-26 19:08:20.0
926,4cb83d6a270e0f314f5d79e399d40d1f,33,308,0,0,2018-06-26 19:07:47.0,2018-06-26 19:08:20.0
927,d16197b5ab9c913ebbbdad0963243cff,33,309,0,0,2018-06-26 19:07:47.0,2018-06-26 19:08:20.0
928,f9ae329325df50ae80f2d25a0d182c78,33,310,0,0,2018-06-26 19:07:47.0,2018-06-26 19:08:20.0
929,cc9f2929221cc4be50563cf2fcc26df7,33,311,0,0,2018-06-26 19:07:47.0,2018-06-26 19:08:20.0
930,5210a4b0c6161a9f1911b158689a3716,33,312,0,0,2018-06-26 19:07:47.0,2018-06-26 19:08:20.0
931,9b0430f710e48fcd700e69dc00a1f0a4,33,313,0,0,2018-06-26 19:07:47.0,2018-06-26 19:08:20.0
932,e4f7494ba2ed44a2bef24aa4790823be,33,272,0,0,2018-06-26 19:07:47.0,2018-06-26 19:08:20.0
933,57aff7b09df9e4628d34a457abc80ab5,33,236,0,0,2018-06-26 19:07:47.0,2018-06-26 19:08:20.0
934,ce235c55b80ccdf41b0407cf91798728,33,237,0,0,2018-06-26 19:07:47.0,2018-06-26 19:08:20.0
935,39e6ac2907774c1a3db0754fd79618b7,33,238,0,0,2018-06-26 19:07:47.0,2018-06-26 19:08:20.0
936,f2843a2bb9daa5753cc0042618aeac90,33,239,0,0,2018-06-26 19:07:47.0,2018-06-26 19:08:20.0
937,4b601edc462afa616e2e9c85bd785dec,33,240,0,0,2018-06-26 19:07:47.0,2018-06-26 19:08:20.0
938,05ced27c1769709bcdc63f36d8feec23,33,499,0,0,2018-06-26 19:07:47.0,2018-06-26 19:08:20.0
939,317ee1bae2d4ce919f2a19f9c454fdcb,33,500,0,0,2018-06-26 19:07:47.0,2018-06-26 19:08:20.0
940,9d43f7892b87a27bbd04f85dba9374c2,33,297,0,0,2018-06-26 19:07:47.0,2018-06-26 19:08:20.0
941,732a973533cba9a565e62e1ec8bb10c9,33,298,0,0,2018-06-26 19:07:47.0,2018-06-26 19:08:20.0
942,f2c8e951c7487f85b163b685c61b68d2,33,299,0,0,2018-06-26 19:07:47.0,2018-06-26 19:08:20.0
943,f5a6dfd4ec5a53bf0e2f6e604e1a7de7,33,275,0,0,2018-06-26 19:07:47.0,2018-06-26 19:08:20.0
944,a9e5feee5b9a7a54993dad272d3b4af1,33,300,0,0,2018-06-26 19:07:47.0,2018-06-26 19:08:20.0
945,3d5a32e24b168d54add344f164370c49,33,301,0,0,2018-06-26 19:07:47.0,2018-06-26 19:08:20.0
946,d4ca3d9c72cd918da132bd68d2896639,33,527,0,0,2018-06-26 19:07:47.0,2018-06-26 19:08:20.0
947,30b0a5ff719ad5777e80b337a0765d3d,33,365,0,0,2018-06-26 19:07:47.0,2018-06-26 19:08:20.0
948,207acd334fdb9a74c7247e4fae7cf6da,2,4,0,1,2018-06-26 19:11:49.0,2018-06-26 19:11:49.0
949,eeb644c11ffb63a060e24884cd616dd6,2,6,0,1,2018-06-26 19:11:49.0,2018-06-26 19:11:49.0
950,53abe6a1fd2b11521585dea7f9011bd2,13,4,0,1,2018-06-26 19:12:44.0,2018-06-26 19:12:44.0
951,11a5b12922400ad547c07ee915311455,13,6,0,1,2018-06-26 19:12:44.0,2018-06-26 19:12:44.0
952,f33f3724cbfae3830eb387c41662ad0b,8,6,0,1,2018-06-26 19:15:10.0,2018-06-26 19:15:10.0
953,5e92356b58678b5a4cf46d37d893cb45,235,43,0,1,2018-09-11 16:41:05.0,2018-09-11 16:41:05.0
954,ade82b767796460ed93287f5cb08a7ab,55,73,0,1,2018-09-11 17:07:18.0,2018-09-11 17:07:18.0
955,e6975bc63df5a6851d7aa75d5b33b27b,74,103,0,0,2018-09-12 14:56:30.0,2018-09-13 15:41:10.0
956,21a47f50bf86a179f878020c6a3f74db,74,106,0,0,2018-09-12 14:56:30.0,2018-09-13 15:46:44.0
957,256b444a5a77540e11d0b33175668cf7,74,114,0,0,2018-09-12 14:56:30.0,2018-09-13 15:41:10.0
958,e2410571264ca9783832f442a6328f82,75,87,0,1,2018-09-12 16:29:55.0,2018-09-12 16:29:55.0
959,87527ff1e6a8a31c7e9cf88ce6f7af56,20,82,0,0,2018-09-13 14:41:14.0,2018-09-13 15:21:40.0
960,61244e4e848f5aa763f4fd5419341f2f,20,87,0,0,2018-09-13 14:41:14.0,2018-09-13 15:21:40.0
961,bce1b00b9edae9db2db308ea7014cdc4,20,97,0,0,2018-09-13 14:41:15.0,2018-09-13 15:21:40.0
962,4a2e5122e8d5d975b20c854957a62b68,20,102,0,0,2018-09-13 14:41:15.0,2018-09-13 15:21:40.0
963,410d6f64940af9c5d2cd3143994b465c,20,103,0,0,2018-09-13 14:41:15.0,2018-09-13 15:21:40.0
964,0d04c57f3439ee2839a09b47507875f3,20,104,0,0,2018-09-13 14:41:15.0,2018-09-13 15:21:40.0
965,ff6da5aa4c3f2fe452a736812f4d9f12,20,106,0,0,2018-09-13 14:41:15.0,2018-09-13 15:21:40.0
966,423f1b56ff24e63ae45f4b257e2512cb,20,107,0,0,2018-09-13 14:41:15.0,2018-09-13 15:21:40.0
967,58edb4c29779120cd00135add9306611,20,108,0,0,2018-09-13 14:41:15.0,2018-09-13 15:21:40.0
968,1fe0a4ccd919a1f1b4adca85f969b696,20,109,0,0,2018-09-13 14:41:15.0,2018-09-13 15:21:40.0
969,c5238b72af8718f3c32c4edf82468359,20,110,0,0,2018-09-13 14:41:15.0,2018-09-13 15:21:40.0
970,b7c8f1ad8dd66b0f2d47efff99c12322,20,111,0,0,2018-09-13 14:41:15.0,2018-09-13 15:21:40.0
971,4450ba4c5af3c816074d3e402c4d4038,20,112,0,0,2018-09-13 14:41:15.0,2018-09-13 15:21:40.0
972,6a93101abdc457e20c3667fca72d8bcd,20,113,0,0,2018-09-13 14:41:15.0,2018-09-13 15:21:40.0
973,4a3e84c571287acbc37e4e3f2b1de560,20,114,0,0,2018-09-13 14:41:15.0,2018-09-13 15:21:40.0
974,88dacaf3ab86328ec923abdacfd9f14e,20,115,0,0,2018-09-13 14:41:15.0,2018-09-13 15:21:40.0
975,b052c5b25b79026de97a702355b92633,20,120,0,0,2018-09-13 14:41:15.0,2018-09-13 15:21:40.0
976,18eadfe0997a69a14f02701e2af7c9b6,20,121,0,0,2018-09-13 14:41:15.0,2018-09-13 15:21:40.0
977,cb6c46073e12fd30177f25fb459054f6,20,122,0,0,2018-09-13 14:41:15.0,2018-09-13 15:21:40.0
978,457121818cffe2837944d4843b37410c,20,123,0,0,2018-09-13 14:41:15.0,2018-09-13 15:21:40.0
979,c62c8263c80b31e60f39c22266b33ca0,20,124,0,0,2018-09-13 14:41:15.0,2018-09-13 15:21:40.0
980,89bbc8d97cc8a834797ccc445e0c3564,20,125,0,0,2018-09-13 14:41:15.0,2018-09-13 15:21:40.0
981,2820d39f809b1b5292a29bd9bef9f654,20,126,0,0,2018-09-13 14:41:15.0,2018-09-13 15:21:40.0
982,e18fd6efad9a8591d579d87d9d862654,20,127,0,0,2018-09-13 14:41:15.0,2018-09-13 15:21:40.0
983,edf299bb384baad580cc0ed75d2447ea,20,128,0,0,2018-09-13 14:41:15.0,2018-09-13 15:21:40.0
984,64cd7e4ede1162598a76daf752eb3175,20,129,0,0,2018-09-13 14:41:15.0,2018-09-13 15:21:40.0
985,f7c387293a8f025687e50b5ec5d64a84,20,130,0,0,2018-09-13 14:41:15.0,2018-09-13 15:21:40.0
986,d00c27cf69fd895f1018a27a3de82e14,20,132,0,0,2018-09-13 14:41:15.0,2018-09-13 15:21:40.0
987,66da48e25f5d2347056f8f0f88e97340,20,133,0,0,2018-09-13 14:41:15.0,2018-09-13 15:21:40.0
988,099d41f4b20fd607a2e6acc9d59b1605,20,136,0,0,2018-09-13 14:41:15.0,2018-09-13 15:21:40.0
989,f0097d9a25f04744943ee999e6c3bec7,20,141,0,0,2018-09-13 14:41:15.0,2018-09-13 15:21:40.0
990,bde03b6e8d6cb10956622c9788c2288f,20,206,0,0,2018-09-13 14:41:15.0,2018-09-13 15:21:40.0
991,9aa970487dece255ccfeb1b4ca41d99c,20,237,0,0,2018-09-13 14:41:15.0,2018-09-13 15:21:40.0
992,d0bcb3c2356c3facf3f83f9d8a39d582,20,238,0,0,2018-09-13 14:41:15.0,2018-09-13 15:21:40.0
993,8604617719249cb92ec0681fd35b5aa6,15,116,0,1,2018-09-14 18:51:56.0,2018-09-14 18:51:56.0
994,47b9b9c990123d8531ecfc29128bec7c,15,117,0,1,2018-09-14 18:51:57.0,2018-09-14 18:51:57.0
995,9e19253a4f74bb2f48cdeafc3c60a208,15,118,0,1,2018-09-14 18:51:57.0,2018-09-14 18:51:57.0
996,d9926d65ddb8857b578bb1d8c581d02a,15,119,0,1,2018-09-14 18:51:57.0,2018-09-14 18:51:57.0
997,dd8dae413f3743d18bc090ed697f816c,75,127,0,0,2018-09-14 19:26:39.0,2018-09-14 19:30:15.0
998,b30c59ea6a7488c773be49c7cb509647,237,127,0,1,2018-09-14 19:30:40.0,2018-09-14 19:30:40.0
999,d06f1b04428f38a631061a3c7b3b7e8d,47,99,0,0,2018-09-14 20:09:39.0,2018-09-14 20:19:01.0
1000,7cc169f19ca1ef3cd93143869f13982c,47,140,0,1,2018-09-14 20:09:39.0,2018-09-14 20:43:27.0
1001,110cea1497c74594abe088375fbeb487,47,53,0,1,2018-09-14 20:09:39.0,2018-09-14 20:43:27.0
1002,1621f70d42ca8dd3301b381ecc61d718,47,139,0,1,2018-09-14 20:09:39.0,2018-09-14 20:43:27.0
1003,8d82538eb75ab9624ed997bc8af11aa4,47,134,0,0,2018-09-14 20:20:22.0,2018-09-14 20:43:26.0
1004,d0fb7a15f6b4e6ca712104a5a1168339,47,135,0,0,2018-09-14 20:20:22.0,2018-09-14 20:43:26.0
1005,b7c80193c3ab7c5ca828c64248488a5a,238,134,0,1,2018-09-14 20:42:25.0,2018-09-14 20:42:25.0
1006,0550d8eccb03a21b74ee3729271380a3,238,135,0,1,2018-09-14 20:42:25.0,2018-09-14 20:42:25.0
1007,013a009c3cac4dcbbd1088f345b270a2,238,137,0,1,2018-09-14 20:42:25.0,2018-09-14 20:42:25.0
1008,9392e7da62fe6b50e3bbaf05732083fe,238,139,0,1,2018-09-14 20:42:25.0,2018-09-14 20:42:25.0
1009,60ca91cf82c4126505185e5ed1a4f22d,239,529,0,1,2018-09-19 18:10:06.0,2018-09-19 18:10:06.0
1010,b89e91948c19fea82744aca89f588589,236,492,0,1,2018-09-21 20:05:40.0,2018-09-21 20:05:40.0
1011,0060b0501517e0529e8fe131ac56acd0,149,492,0,1,2018-09-21 20:24:23.0,2018-09-21 20:24:23.0
1012,30c78a3e32918cf483c1e216e3af8c5f,149,151,0,1,2018-09-21 20:24:23.0,2018-09-21 20:24:23.0
1013,55dc8148a202bcb107562caf7105881b,236,151,0,1,2018-09-21 20:33:39.0,2018-09-21 20:33:39.0
1014,b18036f50c8387829f11ee1b251e9b6b,88,492,0,0,2018-09-25 15:24:28.0,2018-09-26 15:17:51.0
1015,067f689170d11dfd1059a4a31b057c71,88,496,0,1,2018-09-26 15:17:51.0,2018-09-26 15:17:51.0
1016,d762ceb54f200efb0ae016b14de3b497,239,143,0,1,2018-09-26 15:50:49.0,2018-09-26 15:50:49.0
1017,a91701fb2fb1f7ba6d1157513bb6068d,89,142,0,1,2018-09-26 16:03:22.0,2018-09-26 16:03:22.0
1018,e15d009012998c12c73833779de76d9d,97,145,0,1,2018-09-26 16:19:24.0,2018-09-26 16:19:24.0
1019,e8ec51ccebee51aff43171d2055973c6,95,147,0,1,2018-09-26 16:23:09.0,2018-09-26 16:23:09.0
1020,73601456452f15123cb7460d17de5fcb,94,148,0,1,2018-09-26 16:32:50.0,2018-09-26 16:32:50.0
1021,448f346533f715f186677036c53e077f,73,150,0,1,2018-09-26 16:43:47.0,2018-09-26 16:43:47.0
1022,209fc8ddd69ac2969413fd6d1aeb4ad1,79,153,0,1,2018-09-26 17:54:21.0,2018-09-26 17:54:21.0
1023,e243806876b6b033aff5100ad35beb41,87,482,0,1,2018-09-26 18:26:23.0,2018-09-26 18:26:23.0
1024,0f662e7108eb2d60fc7e85d5de6cb604,103,157,0,1,2018-09-26 18:54:07.0,2018-09-26 18:54:07.0
1025,5eb282cb37835f8fba3412e8156ed71e,103,158,0,1,2018-09-26 18:54:07.0,2018-09-26 18:54:07.0
1026,28e8d6cad071eb91bea95038b4a75c9d,240,161,0,1,2018-09-27 15:33:43.0,2018-09-27 15:33:43.0
1027,41755dd58f86e6fb69bfe602c1bff607,21,181,0,1,2018-09-27 15:50:27.0,2018-09-27 15:50:27.0
1028,1483e332b2be1b8a66f01fcf8838878d,15,68,0,1,2018-09-27 18:44:10.0,2018-09-27 18:44:10.0
1029,af764d862e9b6d6e929e8ba4f40ecdcd,121,659,0,1,2018-09-27 19:07:14.0,2018-09-27 19:07:14.0
1030,fdc8ee7a7dd1021153e7e7a15da16246,121,661,0,1,2018-09-27 19:07:14.0,2018-09-27 19:07:14.0
1031,a4b4c9bc7f7c82144155642bc1659d8c,121,64,0,1,2018-09-27 19:07:14.0,2018-09-27 19:07:14.0
1032,5038a4bcf9a8635dc5556f0d4184b308,121,184,0,1,2018-09-27 19:07:14.0,2018-09-27 19:07:14.0
1033,119a81a73c982332dfa5a479cacc4ab0,13,78,0,1,2018-09-27 19:30:30.0,2018-09-27 19:30:30.0
1034,f451911087aa8b524193b469e6778496,13,79,0,1,2018-09-27 19:30:30.0,2018-09-27 19:30:30.0
1035,bb5867c294f15e4d8ee11e78d8e3a942,13,80,0,1,2018-09-27 19:30:30.0,2018-09-27 19:30:30.0
1036,a5b333a85c44af44a02dd1ff32067b93,13,86,0,1,2018-09-27 19:30:30.0,2018-09-27 19:30:30.0
1037,980a87e91e14a9ec83625583e615c727,13,105,0,1,2018-09-27 19:30:30.0,2018-09-27 19:30:30.0
1038,ea9632c3d0f9a835e864e1f7ad4c1317,13,58,0,1,2018-09-27 19:30:30.0,2018-09-27 19:30:30.0
1039,d282816dab9c27ae32f82017cba8ce7d,85,122,0,1,2018-09-27 20:51:37.0,2018-09-27 20:51:37.0
1040,78de086348134fa7d9d40edff20f810e,160,268,0,1,2018-10-09 14:54:53.0,2018-10-09 14:54:53.0
1041,6c54826d1ee71a6e8b8194766666504e,155,479,0,1,2018-10-09 16:49:50.0,2018-10-09 16:49:50.0
1042,f32dc3eee685010df5721bae88bc474a,155,480,0,1,2018-10-09 18:57:34.0,2018-10-09 18:57:34.0
1043,24598c9b17d513d0716f8c3637a6c604,124,296,0,1,2018-10-09 19:13:00.0,2018-10-09 19:13:00.0
1044,26dd3a09bddae4519d4ba896dd418376,124,74,0,1,2018-10-09 19:45:01.0,2018-10-09 19:45:01.0
1045,b0359cf4a992313089b193cbf382343f,184,307,0,1,2018-10-10 17:11:19.0,2018-10-10 17:11:19.0
1046,298360cbfda2cb8adbc29a20695d90f5,184,308,0,1,2018-10-10 17:11:19.0,2018-10-10 17:11:19.0
1047,652ddc8c7ec926442b712bf7482efc0c,184,309,0,1,2018-10-10 17:11:19.0,2018-10-10 17:11:19.0
1048,6ed10e23e32dff5ab6218eef8920943c,184,310,0,1,2018-10-10 17:11:19.0,2018-10-10 17:11:19.0
1049,dfcc05de2934863f91f4befc0e740fb2,184,312,0,1,2018-10-10 17:11:19.0,2018-10-10 17:11:19.0
1050,2c94ded6965908d2e8d00c01c9ed86c8,184,313,0,1,2018-10-10 17:11:19.0,2018-10-10 17:11:19.0
1051,c10640e01421c20756440353b5e36df0,184,311,0,1,2018-10-10 18:10:54.0,2018-10-10 18:10:54.0
1052,ac201f524ca83bbf51ba772e849b858d,150,262,0,1,2018-10-10 19:43:57.0,2018-10-10 19:43:57.0
1053,934bead017ae0d53055a2b03df2121d8,150,251,0,1,2018-10-10 19:43:57.0,2018-10-10 19:43:57.0
1054,9a4eceb92d3f920a939b56609b1520b5,151,262,0,1,2018-10-10 19:45:20.0,2018-10-10 19:45:20.0
1055,d09d06225df105a0e67a4f35ec15490f,151,251,0,1,2018-10-10 19:45:20.0,2018-10-10 19:45:20.0
1056,c2633d94b842d1268901b2fb2046d60a,90,466,0,1,2018-10-10 19:55:16.0,2018-10-10 19:55:16.0
1057,f048718831feaa59eb1f2e39bc866425,29,499,0,1,2018-10-11 15:06:11.0,2018-10-11 15:06:11.0
1058,fdda99f8383e046609d375c7dc3a76e1,85,285,0,1,2018-10-11 18:41:58.0,2018-10-11 18:41:58.0
1059,87625a0dac8dd47c9e6f8d42e3a46ac0,207,292,0,0,2018-10-11 19:34:30.0,2018-10-11 20:03:11.0
1060,03c745c12717e69d0d7305b948724434,45,293,0,1,2018-10-11 19:41:57.0,2018-10-11 19:41:57.0
1061,a5155021fd6b275b0d32f00617bcb105,207,401,0,1,2018-10-11 20:03:11.0,2018-10-11 20:03:11.0
1062,f5676f39a6308be39517b19fa159e865,224,410,0,1,2018-10-11 20:25:57.0,2018-10-11 20:25:57.0
1063,6c2921e8d24d42d13e08fee8dc49a7d3,224,413,0,1,2018-10-11 20:25:57.0,2018-10-11 20:25:57.0
1064,4a3fb11cb48f94cbcb998ee6da02d5eb,217,666,0,1,2018-10-12 14:55:10.0,2018-10-12 14:55:10.0
1065,7b34a9e80ee8c986557566529ff6072c,215,411,0,1,2018-10-12 15:21:40.0,2018-10-12 15:21:40.0
1066,4ec8145a57d09df980869d0335eb5634,241,412,0,1,2018-10-12 15:53:24.0,2018-10-12 15:53:24.0
1067,313362e1ae82c58d80a932d7da825e9a,242,414,0,1,2018-10-12 16:23:12.0,2018-10-12 16:23:12.0
1068,0c6d468ad60efa34a1e9d9fda9f58df6,214,416,0,1,2018-10-12 16:27:14.0,2018-10-12 16:27:14.0
1069,7adecc9ba886efe054375a18df242a08,215,422,0,1,2018-10-12 16:45:15.0,2018-10-12 16:45:15.0
1070,424e96baf9c6d9aec941897c06af7089,242,466,0,1,2018-12-24 00:20:39.0,2018-12-24 14:51:05.0
1071,ab1439f7a2306c8ec85b2d668bab0e5f,242,70,0,1,2020-11-13 14:24:46.0,2020-11-13 14:24:46.0
1072,9b1857685b1ce1422cf1ad57967729e7,242,249,0,1,2020-11-13 14:25:21.0,2020-11-13 14:25:21.0
1073,e9ef87c34cd7b1e7c43838f9f446a5ad,242,4,0,1,2020-11-13 14:25:21.0,2020-11-13 14:25:21.0
1074,967da0b6527f8182be0b0fafcb9773a4,242,6,0,1,2020-11-13 14:25:21.0,2020-11-13 14:25:21.0
