id,name,is_custom,is_published,user_id,deleted_at,created_at,updated_at
1,Fitness model,0,1,1,,2019-05-15 22:09:11.0,2019-05-15 22:09:11.0
2,Miss,0,1,1,,2019-05-15 22:09:11.0,2019-05-15 22:09:11.0
3,Bodybuilding,0,1,1,,2019-05-15 22:09:11.0,2019-05-15 22:09:11.0
4,Mister,0,1,1,,2019-05-15 22:09:11.0,2019-05-15 22:09:11.0
5,Hairdresser,0,1,1,,2019-05-15 22:09:11.0,2019-05-15 22:09:11.0
6,Barber,0,1,1,,2019-05-15 22:09:11.0,2019-05-15 22:09:11.0
7,Wig expert,0,1,1,,2019-05-15 22:09:11.0,2019-05-15 22:09:11.0
8,Reservations,0,0,1,,2019-05-15 22:09:11.0,2019-05-15 22:09:11.0
9,Aesthetician,0,1,1,,2019-05-15 22:09:11.0,2019-05-15 22:09:11.0
10,Receptionist,0,1,1,,2019-05-15 22:09:11.0,2019-05-15 22:09:11.0
11,Hair colorist,0,1,1,,2019-05-15 22:09:11.0,2019-05-15 22:09:11.0
12,Makeup artist,0,1,1,,2019-05-15 22:09:11.0,2019-05-15 22:09:11.0
13,Manicurist/Pedicurist,0,1,1,,2019-05-15 22:09:11.0,2019-05-15 22:09:11.0
14,Telephone,0,0,1,,2019-05-15 22:09:11.0,2019-05-15 22:09:11.0
15,Housekeeper,0,1,1,,2019-05-15 22:09:11.0,2019-05-15 22:09:11.0
16,Hair removal,0,1,1,,2019-05-15 22:09:11.0,2019-05-15 22:09:11.0
17,Fashion designer,0,1,1,,2019-05-15 22:09:11.0,2019-05-15 22:09:11.0
18,Jewelry designer,0,1,1,,2019-05-15 22:09:11.0,2019-05-15 22:09:11.0
19,Dressmaker / seamstress,0,1,1,,2019-05-15 22:09:11.0,2019-05-15 22:09:11.0
20,Fashion adviser,0,1,1,,2019-05-15 22:09:11.0,2019-05-15 22:09:11.0
21,Security Agent,0,1,1,,2019-05-15 22:09:11.0,2019-05-15 22:09:11.0
22,Catalog stylist,0,1,1,,2019-05-15 22:09:11.0,2019-05-15 22:09:11.0
23,Visual stylist,0,1,1,,2019-05-15 22:09:11.0,2019-05-15 22:09:11.0
24,Personal stylist,0,1,1,,2019-05-15 22:09:11.0,2019-05-15 22:09:11.0
25,Photoshoot coordinator,0,1,1,,2019-05-15 22:09:11.0,2019-05-15 22:09:11.0
26,Minor events planner,0,1,1,,2019-05-15 22:09:11.0,2019-05-15 22:09:11.0
27,Purchases & storage,0,0,1,,2019-05-15 22:09:11.0,2019-05-15 22:09:11.0
28,Web developer,0,1,1,,2019-05-15 22:09:11.0,2019-05-15 22:09:11.0
29,Product stylist,0,1,1,,2019-05-15 22:09:11.0,2019-05-15 22:09:11.0
30,Trend coordinator,0,1,1,,2019-05-15 22:09:11.0,2019-05-15 22:09:11.0
31,Image adviser,0,1,1,,2019-05-15 22:09:11.0,2019-05-15 22:09:11.0
32,Arranger,0,1,1,,2019-05-15 22:09:11.0,2019-05-15 22:09:11.0
33,Sound engenieer,0,1,1,,2019-05-15 22:09:11.0,2019-05-15 22:09:11.0
34,Conductor,0,1,1,,2019-05-15 22:09:11.0,2019-05-15 22:09:11.0
35,Music manager,0,1,1,,2019-05-15 22:09:11.0,2019-05-15 22:09:11.0
36,Chorister,0,1,1,,2019-05-15 22:09:11.0,2019-05-15 22:09:11.0
37,Guitarist,0,1,1,,2019-05-15 22:09:11.0,2019-05-15 22:09:11.0
38,Violinist,0,1,1,,2019-05-15 22:09:11.0,2019-05-15 22:09:11.0
39,Drummer,0,1,1,,2019-05-15 22:09:11.0,2019-05-15 22:09:11.0
40,Bass guitarist,0,1,1,,2019-05-15 22:09:11.0,2019-05-15 22:09:11.0
41,Percussionist,0,1,1,,2019-05-15 22:09:11.0,2019-05-15 22:09:11.0
42,Pianist,0,1,1,,2019-05-15 22:09:11.0,2019-05-15 22:09:11.0
43,Saxophonist,0,1,1,,2019-05-15 22:09:11.0,2019-05-15 22:09:11.0
44,Flutist,0,1,1,,2019-05-15 22:09:11.0,2019-05-15 22:09:11.0
45,Trumpeter,0,1,1,,2019-05-15 22:09:11.0,2019-05-15 22:09:11.0
46,Trombonist,0,1,1,,2019-05-15 22:09:11.0,2019-05-15 22:09:11.0
47,Tattoo artist,0,1,1,,2019-05-15 22:09:11.0,2019-05-15 22:09:11.0
48,Fashion model,0,1,1,,2019-05-15 22:09:11.0,2019-05-15 22:09:11.0
49,DJ,0,1,1,,2019-05-15 22:09:11.0,2019-05-15 22:09:11.0
50,Commercial model,0,1,1,,2019-05-15 22:09:11.0,2019-05-15 22:09:11.0
51,Swimsuit & lingerie model,0,1,1,,2019-05-15 22:09:11.0,2019-05-15 22:09:11.0
52,Comedian,0,1,1,,2019-05-15 22:09:11.0,2019-05-15 22:09:11.0
53,Child model,0,1,1,,2019-05-15 22:09:11.0,2019-05-15 22:09:11.0
54,Fit models,0,1,1,,2019-05-15 22:09:11.0,2019-05-15 22:09:11.0
55,Parts Model,0,1,1,,2019-05-15 22:09:11.0,2019-05-15 22:09:11.0
56,Promotional model,0,1,1,,2019-05-15 22:09:12.0,2019-05-15 22:09:12.0
57,Creative writer,0,1,1,,2019-05-15 22:09:12.0,2019-05-15 22:09:12.0
58,Orchestrator,0,1,1,,2019-05-15 22:09:12.0,2019-05-15 22:09:12.0
59,Performative writer,0,1,1,,2019-05-15 22:09:12.0,2019-05-15 22:09:12.0
60,Musical composer,0,1,1,,2019-05-15 22:09:12.0,2019-05-15 22:09:12.0
61,Songwriter,0,1,1,,2019-05-15 22:09:12.0,2019-05-15 22:09:12.0
62,Music producer,0,1,1,,2019-05-15 22:09:12.0,2019-05-15 22:09:12.0
63,Record producer,0,1,1,,2019-05-15 22:09:12.0,2019-05-15 22:09:12.0
64,Mastering engineer,0,1,1,,2019-05-15 22:09:12.0,2019-05-15 22:09:12.0
65,Music editor,0,1,1,,2019-05-15 22:09:12.0,2019-05-15 22:09:12.0
66,Concertmaster,0,1,1,,2019-05-15 22:09:12.0,2019-05-15 22:09:12.0
67,Artists and repertoire (A&R),0,1,1,,2019-05-15 22:09:12.0,2019-05-15 22:09:12.0
68,Announcer,0,1,1,,2019-05-15 22:09:12.0,2019-05-15 22:09:12.0
69,Voice-over,0,1,1,,2019-05-15 22:09:12.0,2019-05-15 22:09:12.0
70,Presenter,0,1,1,,2019-05-15 22:09:12.0,2019-05-15 22:09:12.0
71,Voice-actor/actress,0,1,1,,2019-05-15 22:09:12.0,2019-05-15 22:09:12.0
72,Screen actor/actress,0,1,1,,2019-05-15 22:09:12.0,2019-05-15 22:09:12.0
73,Stage actor/actress,0,1,1,,2019-05-15 22:09:12.0,2019-05-15 22:09:12.0
74,Customer service,0,1,1,,2019-05-15 22:09:12.0,2019-05-15 22:09:12.0
75,Narrator,0,1,1,,2019-05-15 22:09:12.0,2019-05-15 22:09:12.0
76,Ballet dancer,0,1,1,,2019-05-15 22:09:12.0,2019-05-15 22:09:12.0
77,Acrobatic dancer,0,1,1,,2019-05-15 22:09:12.0,2019-05-15 22:09:12.0
78,Choreographer,0,1,1,,2019-05-15 22:09:12.0,2019-05-15 22:09:12.0
79,Movement director,0,1,1,,2019-05-15 22:09:12.0,2019-05-15 22:09:12.0
80,Stage combat,0,1,1,,2019-05-15 22:09:12.0,2019-05-15 22:09:12.0
81,Indian classical dancer,0,1,1,,2019-05-15 22:09:12.0,2019-05-15 22:09:12.0
82,Belly dancer,0,1,1,,2019-05-15 22:09:12.0,2019-05-15 22:09:12.0
83,Street dancer,0,1,1,,2019-05-15 22:09:12.0,2019-05-15 22:09:12.0
84,Contemporary dancer,0,1,1,,2019-05-15 22:09:12.0,2019-05-15 22:09:12.0
85,Jazz dancer,0,1,1,,2019-05-15 22:09:12.0,2019-05-15 22:09:12.0
86,Tap dancer,0,1,1,,2019-05-15 22:09:12.0,2019-05-15 22:09:12.0
87,Classical Persian dancer,0,1,1,,2019-05-15 22:09:12.0,2019-05-15 22:09:12.0
88,Perfumist,0,1,1,,2019-05-15 22:09:12.0,2019-05-15 22:09:12.0
89,Solo singer,0,1,1,,2019-05-15 22:09:12.0,2019-05-15 22:09:12.0
90,Film Director,0,1,1,,2019-05-15 22:09:12.0,2019-05-15 22:09:12.0
91,Film producer,0,1,1,,2019-05-15 22:09:12.0,2019-05-15 22:09:12.0
92,Assistant producer,0,1,1,,2019-05-15 22:09:12.0,2019-05-15 22:09:12.0
93,Production manager,0,1,1,,2019-05-15 22:09:12.0,2019-05-15 22:09:12.0
94,Production coordinator,0,1,1,,2019-05-15 22:09:12.0,2019-05-15 22:09:12.0
95,Assistant director,0,1,1,,2019-05-15 22:09:12.0,2019-05-15 22:09:12.0
96,Location manager,0,1,1,,2019-05-15 22:09:12.0,2019-05-15 22:09:12.0
97,Script supervisor,0,1,1,,2019-05-15 22:09:12.0,2019-05-15 22:09:12.0
98,Casting director,0,1,1,,2019-05-15 22:09:12.0,2019-05-15 22:09:12.0
99,Director of photography,0,1,1,,2019-05-15 22:09:12.0,2019-05-15 22:09:12.0
100,Camera operator,0,1,1,,2019-05-15 22:09:12.0,2019-05-15 22:09:12.0
101,1st assistant camera,0,1,1,,2019-05-15 22:09:12.0,2019-05-15 22:09:12.0
102,2nd assistant camera,0,1,1,,2019-05-15 22:09:12.0,2019-05-15 22:09:12.0
103,Stabilizer operator,0,1,1,,2019-05-15 22:09:12.0,2019-05-15 22:09:12.0
104,Motion capture,0,1,1,,2019-05-15 22:09:12.0,2019-05-15 22:09:12.0
105,Gaffer,0,1,1,,2019-05-15 22:09:12.0,2019-05-15 22:09:12.0
106,Best boy,0,1,1,,2019-05-15 22:09:12.0,2019-05-15 22:09:12.0
107,Key grip,0,1,1,,2019-05-15 22:09:12.0,2019-05-15 22:09:12.0
108,Dolly grip,0,1,1,,2019-05-15 22:09:12.0,2019-05-15 22:09:12.0
109,Sound director,0,1,1,,2019-05-15 22:09:12.0,2019-05-15 22:09:12.0
110,Sound designer,0,1,1,,2019-05-15 22:09:12.0,2019-05-15 22:09:12.0
111,Sound editor,0,1,1,,2019-05-15 22:09:12.0,2019-05-15 22:09:12.0
112,Foley,0,1,1,,2019-05-15 22:09:12.0,2019-05-15 22:09:12.0
113,Boom operator,0,1,1,,2019-05-15 22:09:12.0,2019-05-15 22:09:12.0
114,Production designer,0,1,1,,2019-05-15 22:09:12.0,2019-05-15 22:09:12.0
115,Art director,0,1,1,,2019-05-15 22:09:12.0,2019-05-15 22:09:12.0
116,Set designer,0,1,1,,2019-05-15 22:09:12.0,2019-05-15 22:09:12.0
117,Illustrator,0,1,1,,2019-05-15 22:09:12.0,2019-05-15 22:09:12.0
118,Set decorator,0,1,1,,2019-05-15 22:09:12.0,2019-05-15 22:09:12.0
119,Property master,0,1,1,,2019-05-15 22:09:12.0,2019-05-15 22:09:12.0
120,Weapons master,0,1,1,,2019-05-15 22:09:12.0,2019-05-15 22:09:12.0
121,Costume designer,0,1,1,,2019-05-15 22:09:12.0,2019-05-15 22:09:12.0
122,Lighting designer,0,1,1,,2019-05-15 22:09:12.0,2019-05-15 22:09:12.0
123,Costume supervisor,0,1,1,,2019-05-15 22:09:12.0,2019-05-15 22:09:12.0
124,Special effects supervisor,0,1,1,,2019-05-15 22:09:12.0,2019-05-15 22:09:12.0
125,Special effects assistant,0,1,1,,2019-05-15 22:09:12.0,2019-05-15 22:09:12.0
126,Stunt coordinator,0,1,1,,2019-05-15 22:09:12.0,2019-05-15 22:09:12.0
127,Film editor,0,1,1,,2019-05-15 22:09:12.0,2019-05-15 22:09:12.0
128,Colorist,0,1,1,,2019-05-15 22:09:12.0,2019-05-15 22:09:12.0
129,VFX creative director,0,1,1,,2019-05-15 22:09:12.0,2019-05-15 22:09:12.0
130,VFX supervisor,0,1,1,,2019-05-15 22:09:12.0,2019-05-15 22:09:12.0
131,VFX editor,0,1,1,,2019-05-15 22:09:12.0,2019-05-15 22:09:12.0
132,Dialogue editor,0,1,1,,2019-05-15 22:09:12.0,2019-05-15 22:09:12.0
133,Music supervisor,0,1,1,,2019-05-15 22:09:12.0,2019-05-15 22:09:12.0
134,Photographer,0,1,1,,2019-05-15 22:09:12.0,2019-05-15 22:09:12.0
135,Soccer coach,0,1,1,,2019-05-15 22:09:12.0,2019-05-15 22:09:12.0
136,Martial arts coach,0,1,1,,2019-05-15 22:09:12.0,2019-05-15 22:09:12.0
137,Swim coach,0,1,1,,2019-05-15 22:09:12.0,2019-05-15 22:09:12.0
138,Baseball coach,0,1,1,,2019-05-15 22:09:12.0,2019-05-15 22:09:12.0
139,Volleyball coach,0,1,1,,2019-05-15 22:09:12.0,2019-05-15 22:09:12.0
140,Basketball coach,0,1,1,,2019-05-15 22:09:12.0,2019-05-15 22:09:12.0
141,Football coach,0,1,1,,2019-05-15 22:09:12.0,2019-05-15 22:09:12.0
142,Hockey coach,0,1,1,,2019-05-15 22:09:12.0,2019-05-15 22:09:12.0
143,Personal trainer,0,1,1,,2019-05-15 22:09:12.0,2019-05-15 22:09:12.0
144,Athletic trainer,0,1,1,,2019-05-15 22:09:12.0,2019-05-15 22:09:12.0
145,Physiotherapist,0,1,1,,2019-05-15 22:09:12.0,2019-05-15 22:09:12.0
146,Yoga instuctor,0,1,1,,2019-05-15 22:09:12.0,2019-05-15 22:09:12.0
147,Skating coach,0,1,1,,2019-05-15 22:09:12.0,2019-05-15 22:09:12.0
148,Gymnastics coach,0,1,1,,2019-05-15 22:09:12.0,2019-05-15 22:09:12.0
149,Parkour coach,0,1,1,,2019-05-15 22:09:12.0,2019-05-15 22:09:12.0
150,Freerunning coach,0,1,1,,2019-05-15 22:09:12.0,2019-05-15 22:09:12.0
151,Arcade game player,0,1,1,,2019-05-15 22:09:12.0,2019-05-15 22:09:12.0
152,Video games,0,1,1,,2019-05-15 22:09:12.0,2019-05-15 22:09:12.0
153,Board games,0,1,1,,2019-05-15 22:09:12.0,2019-05-15 22:09:12.0
154,Water activities,0,1,1,,2019-05-15 22:09:12.0,2019-05-15 22:09:12.0
155,Travel agent,0,1,1,,2019-05-15 22:09:12.0,2019-05-15 22:09:12.0
156,Mountains activities,0,1,1,,2019-05-15 22:09:12.0,2019-05-15 22:09:12.0
157,Equestrianism,0,0,1,,2019-05-15 22:09:12.0,2019-05-15 22:09:12.0
158,Stewardess,0,1,1,,2019-05-15 22:09:12.0,2019-05-15 22:09:12.0
159,Desert activities,0,1,1,,2019-05-15 22:09:12.0,2019-05-15 22:09:12.0
160,Forest activities,0,1,1,,2019-05-15 22:09:12.0,2019-05-15 22:09:12.0
161,Mayor events planner,0,1,1,,2019-05-15 22:09:12.0,2019-05-15 22:09:12.0
162,Aero activities,0,1,1,,2019-05-15 22:09:12.0,2019-05-15 22:09:12.0
163,Aerobic exercise,0,1,1,,2019-05-15 22:09:12.0,2019-05-15 22:09:12.0
164,Anaerobic exercise,0,1,1,,2019-05-15 22:09:12.0,2019-05-15 22:09:12.0
165,Flexibility exercise,0,1,1,,2019-05-15 22:09:12.0,2019-05-15 22:09:12.0
166,Interpretive & academic,0,1,1,,2019-05-15 22:09:12.0,2019-05-15 22:09:12.0
167,Reporter,0,1,1,,2019-05-15 22:09:12.0,2019-05-15 22:09:12.0
168,Utility writer,0,1,1,,2019-05-15 22:09:12.0,2019-05-15 22:09:12.0
169,Sculptor,0,1,1,,2019-05-15 22:09:12.0,2019-05-15 22:09:12.0
170,Painter,0,1,1,,2019-05-15 22:09:12.0,2019-05-15 22:09:12.0
171,Drawer,0,1,1,,2019-05-15 22:09:12.0,2019-05-15 22:09:12.0
172,Architect,0,1,1,,2019-05-15 22:09:12.0,2019-05-15 22:09:12.0
173,Chef,0,1,1,,2019-05-15 22:09:12.0,2019-05-15 22:09:12.0
174,Butcher,0,1,1,,2019-05-15 22:09:12.0,2019-05-15 22:09:12.0
175,Pastry chef,0,1,1,,2019-05-15 22:09:12.0,2019-05-15 22:09:12.0
176,Baker,0,1,1,,2019-05-15 22:09:12.0,2019-05-15 22:09:12.0
177,Sommelier,0,1,1,,2019-05-15 22:09:12.0,2019-05-15 22:09:12.0
178,Bartender,0,1,1,,2019-05-15 22:09:12.0,2019-05-15 22:09:12.0
179,Homebrewing,0,0,1,,2019-05-15 22:09:12.0,2019-05-15 22:09:12.0
180,Brewer,0,1,1,,2019-05-15 22:09:12.0,2019-05-15 22:09:12.0
181,Secondary TCH.,0,1,1,,2019-05-15 22:09:12.0,2019-05-15 22:09:12.0
182,Higher education THC.,0,1,1,,2019-05-15 22:09:12.0,2019-05-15 22:09:12.0
183,Tutor,0,1,1,,2019-05-15 22:09:12.0,2019-05-15 22:09:12.0
184,Student,0,1,1,,2019-05-15 22:09:12.0,2019-05-15 22:09:12.0
185,Interior designer,0,1,1,,2019-05-15 22:09:12.0,2019-05-15 22:09:12.0
186,Primary TCH.,0,1,1,,2019-05-15 22:09:12.0,2019-05-15 22:09:12.0
187,Industrial designer,0,1,1,,2019-05-15 22:09:12.0,2019-05-15 22:09:12.0
188,Graphic designer,0,1,1,,2019-05-15 22:09:12.0,2019-05-15 22:09:12.0
189,Tennis coach,0,1,1,,2019-05-15 22:09:12.0,2019-05-15 22:09:12.0
190,Accessory designer,0,1,1,,2019-05-15 22:09:12.0,2019-05-15 22:09:12.0
191,Soccer player,0,1,1,,2019-05-15 22:09:12.0,2019-05-15 22:09:12.0
192,Maintenance,0,0,1,,2019-05-15 22:09:12.0,2019-05-15 22:09:12.0
193,Events photography,0,1,1,,2019-05-15 22:09:12.0,2019-05-15 22:09:12.0
194,Fashion photography,0,1,1,,2019-05-15 22:09:12.0,2019-05-15 22:09:12.0
195,Documentary and journalistic photography,0,1,1,,2019-05-15 22:09:12.0,2019-05-15 22:09:12.0
196,Product photography,0,1,1,,2019-05-15 22:09:12.0,2019-05-15 22:09:12.0
197,Art photography,0,1,1,,2019-05-15 22:09:12.0,2019-05-15 22:09:12.0
198,Artistic photography,0,1,1,,2019-05-15 22:09:12.0,2019-05-15 22:09:12.0
199,Astronomical photography,0,1,1,,2019-05-15 22:09:12.0,2019-05-15 22:09:12.0
200,Photography of nature & landscapes,0,1,1,,2019-05-15 22:09:12.0,2019-05-15 22:09:12.0
201,Photography of animals & pets,0,1,1,,2019-05-15 22:09:12.0,2019-05-15 22:09:12.0
202,Photography of architectures,0,1,1,,2019-05-15 22:09:12.0,2019-05-15 22:09:12.0
203,Industrial photography,0,1,1,,2019-05-15 22:09:12.0,2019-05-15 22:09:12.0
204,Photograph of portraits,0,1,1,,2019-05-15 22:09:13.0,2019-05-15 22:09:13.0
205,Aerial photography,0,1,1,,2019-05-15 22:09:13.0,2019-05-15 22:09:13.0
206,Underwater photography,0,1,1,,2019-05-15 22:09:13.0,2019-05-15 22:09:13.0
207,Night photography,0,1,1,,2019-05-15 22:09:13.0,2019-05-15 22:09:13.0
208,Scientific photography,0,1,1,,2019-05-15 22:09:13.0,2019-05-15 22:09:13.0
209,Photomacrography,0,1,1,,2019-05-15 22:09:13.0,2019-05-15 22:09:13.0
210,Tourism & travel photography,0,1,1,,2019-05-15 22:09:13.0,2019-05-15 22:09:13.0
211,Film preproduction,0,1,1,,2019-05-15 22:09:13.0,2019-05-15 22:09:13.0
212,Film production,0,1,1,,2019-05-15 22:09:13.0,2019-05-15 22:09:13.0
213,Film postproduction,0,1,1,,2019-05-15 22:09:13.0,2019-05-15 22:09:13.0
214,Film Realization,0,0,1,,2019-05-15 22:09:13.0,2019-05-15 22:09:13.0
215,Cinema equipment rental,0,1,1,,2019-05-15 22:09:13.0,2019-05-15 22:09:13.0
216,T.V. production,0,1,1,,2019-05-15 22:09:13.0,2019-05-15 22:09:13.0
217,Preproduction for T.V.,0,1,1,,2019-05-15 22:09:13.0,2019-05-15 22:09:13.0
218,Postproduction for T.V.,0,1,1,,2019-05-15 22:09:13.0,2019-05-15 22:09:13.0
219,Private school,0,1,1,,2019-05-15 22:09:13.0,2019-05-15 22:09:13.0
220,Web development,0,1,1,,2019-05-15 22:09:13.0,2019-05-15 22:09:13.0
221,App development,0,1,1,,2019-05-15 22:09:13.0,2019-05-15 22:09:13.0
222,TV equipment rental,0,1,1,,2019-05-15 22:09:13.0,2019-05-15 22:09:13.0
223,Radio equipment rental,0,1,1,,2019-05-15 22:09:13.0,2019-05-15 22:09:13.0
224,Pageant coach,0,1,1,,2019-05-15 22:09:13.0,2019-05-15 22:09:13.0
225,Female beauty pageant,0,0,1,,2019-05-15 22:09:13.0,2019-05-15 22:09:13.0
226,Beauty pageant,0,1,1,,2019-05-15 22:09:13.0,2019-05-15 22:09:13.0
227,Cosmetics manufacturer,0,1,1,,2019-05-15 22:09:13.0,2019-05-15 22:09:13.0
228,Cosmetics seller,0,1,1,,2019-05-15 22:09:13.0,2019-05-15 22:09:13.0
229,Textile design & production,0,1,1,,2019-05-15 22:09:13.0,2019-05-15 22:09:13.0
230,Fashion design & manufacturing,0,1,1,,2019-05-15 22:09:13.0,2019-05-15 22:09:13.0
231,Fashion store,0,1,1,,2019-05-15 22:09:13.0,2019-05-15 22:09:13.0
232,Fashion marketing & merchandising,0,1,1,,2019-05-15 22:09:13.0,2019-05-15 22:09:13.0
233,Modificar,0,0,1,,2019-05-15 22:09:13.0,2019-05-15 22:09:13.0
234,Model scout,0,1,1,,2019-05-15 22:09:13.0,2019-05-15 22:09:13.0
235,Beauty school,0,1,1,,2019-05-15 22:09:13.0,2019-05-15 22:09:13.0
236,Modeling agency,0,1,1,,2019-05-15 22:09:13.0,2019-05-15 22:09:13.0
237,Modeling academy,0,1,1,,2019-05-15 22:09:13.0,2019-05-15 22:09:13.0
238,Sound recording,0,1,1,,2019-05-15 22:09:13.0,2019-05-15 22:09:13.0
239,Sound mastering,0,1,1,,2019-05-15 22:09:13.0,2019-05-15 22:09:13.0
240,Sound mixing,0,1,1,,2019-05-15 22:09:13.0,2019-05-15 22:09:13.0
241,Musical production,0,1,1,,2019-05-15 22:09:13.0,2019-05-15 22:09:13.0
242,Accessories store,0,1,1,,2019-05-15 22:09:13.0,2019-05-15 22:09:13.0
243,Dance academy,0,1,1,,2019-05-15 22:09:13.0,2019-05-15 22:09:13.0
244,Reportage,0,1,1,,2019-05-15 22:09:13.0,2019-05-15 22:09:13.0
245,Casting agency,0,1,1,,2019-05-15 22:09:13.0,2019-05-15 22:09:13.0
246,Band or Musical group,0,1,1,,2019-05-15 22:09:13.0,2019-05-15 22:09:13.0
247,Entertainment & special programs,0,1,1,,2019-05-15 22:09:13.0,2019-05-15 22:09:13.0
248,Sports team,0,1,1,,2019-05-15 22:09:13.0,2019-05-15 22:09:13.0
249,Music managing,0,1,1,,2019-05-15 22:09:13.0,2019-05-15 22:09:13.0
250,Advertising photography,0,1,1,,2019-05-15 22:09:13.0,2019-05-15 22:09:13.0
251,Group classes,0,1,1,,2019-05-15 22:09:13.0,2019-05-15 22:09:13.0
252,Informative radio station,0,1,1,,2019-05-15 22:09:13.0,2019-05-15 22:09:13.0
253,Periodical newspaper,0,1,1,,2019-05-15 22:09:13.0,2019-05-15 22:09:13.0
254,Spa,0,1,1,,2019-05-15 22:09:13.0,2019-05-15 22:09:13.0
255,Special programs,0,1,1,,2019-05-15 22:09:13.0,2019-05-15 22:09:13.0
256,Classical Indian music,0,0,1,,2019-05-15 22:09:13.0,2019-05-15 22:09:13.0
257,Art school,0,1,1,,2019-05-15 22:09:13.0,2019-05-15 22:09:13.0
258,Graphic design,0,1,1,,2019-05-15 22:09:13.0,2019-05-15 22:09:13.0
259,Pantomime,0,1,1,,2019-05-15 22:09:13.0,2019-05-15 22:09:13.0
260,Art gallery,0,1,1,,2019-05-15 22:09:13.0,2019-05-15 22:09:13.0
261,Traditional theater,0,1,1,,2019-05-15 22:09:13.0,2019-05-15 22:09:13.0
262,Puppet show,0,1,1,,2019-05-15 22:09:13.0,2019-05-15 22:09:13.0
263,Construction,0,1,1,,2019-05-15 22:09:13.0,2019-05-15 22:09:13.0
264,Shadow theater,0,1,1,,2019-05-15 22:09:13.0,2019-05-15 22:09:13.0
265,Social services museum,0,0,1,,2019-05-15 22:09:13.0,2019-05-15 22:09:13.0
266,Trade & Communications museum,0,1,1,,2019-05-15 22:09:13.0,2019-05-15 22:09:13.0
267,Street theater,0,1,1,,2019-05-15 22:09:13.0,2019-05-15 22:09:13.0
268,Fast food,0,1,1,,2019-05-15 22:09:13.0,2019-05-15 22:09:13.0
269,Talent scouting,0,1,1,,2019-05-15 22:09:13.0,2019-05-15 22:09:13.0
270,Artists & Repertoire management,0,0,1,,2019-05-15 22:09:13.0,2019-05-15 22:09:13.0
271,Digital Distribution,0,1,1,,2019-05-15 22:09:13.0,2019-05-15 22:09:13.0
272,Music consulting,0,1,1,,2019-05-15 22:09:13.0,2019-05-15 22:09:13.0
273,Event planning,0,1,1,,2019-05-15 22:09:13.0,2019-05-15 22:09:13.0
274,Events Assembly,0,1,1,,2019-05-15 22:09:13.0,2019-05-15 22:09:13.0
275,Fusion cuisine,0,1,1,,2019-05-15 22:09:13.0,2019-05-15 22:09:13.0
276,Haute cuisine,0,1,1,,2019-05-15 22:09:13.0,2019-05-15 22:09:13.0
277,Themed bar,0,1,1,,2019-05-15 22:09:13.0,2019-05-15 22:09:13.0
278,Daily newspaper,0,1,1,,2019-05-15 22:09:13.0,2019-05-15 22:09:13.0
279,Public school,0,1,1,,2019-05-15 22:09:13.0,2019-05-15 22:09:13.0
280,Weekly newspaper,0,1,1,,2019-05-15 22:09:13.0,2019-05-15 22:09:13.0
281,Biweekly newspaper,0,1,1,,2019-05-15 22:09:13.0,2019-05-15 22:09:13.0
282,Printed newspaper,0,1,1,,2019-05-15 22:09:13.0,2019-05-15 22:09:13.0
283,Monthly newspaper,0,1,1,,2019-05-15 22:09:13.0,2019-05-15 22:09:13.0
284,Digital  newspaper,0,1,1,,2019-05-15 22:09:13.0,2019-05-15 22:09:13.0
285,Evening newspaper,0,1,1,,2019-05-15 22:09:13.0,2019-05-15 22:09:13.0
286,Morning newspaper,0,1,1,,2019-05-15 22:09:13.0,2019-05-15 22:09:13.0
287,Archery,0,1,1,,2019-05-15 22:09:13.0,2019-05-15 22:09:13.0
288,Athletics,0,1,1,,2019-05-15 22:09:13.0,2019-05-15 22:09:13.0
289,Baseball,0,1,1,,2019-05-15 22:09:13.0,2019-05-15 22:09:13.0
290,Badminton,0,1,1,,2019-05-15 22:09:13.0,2019-05-15 22:09:13.0
291,Beach volleyball,0,1,1,,2019-05-15 22:09:13.0,2019-05-15 22:09:13.0
292,Basketball,0,1,1,,2019-05-15 22:09:13.0,2019-05-15 22:09:13.0
293,Canoe slalom,0,1,1,,2019-05-15 22:09:13.0,2019-05-15 22:09:13.0
294,Boxing,0,1,1,,2019-05-15 22:09:13.0,2019-05-15 22:09:13.0
295,Cycling bmx,0,1,1,,2019-05-15 22:09:13.0,2019-05-15 22:09:13.0
296,Canoe sprint,0,1,1,,2019-05-15 22:09:13.0,2019-05-15 22:09:13.0
297,Cycling mountain bike,0,1,1,,2019-05-15 22:09:13.0,2019-05-15 22:09:13.0
298,Cycling road,0,1,1,,2019-05-15 22:09:13.0,2019-05-15 22:09:13.0
299,Diving,0,1,1,,2019-05-15 22:09:13.0,2019-05-15 22:09:13.0
300,Cycling track,0,1,1,,2019-05-15 22:09:13.0,2019-05-15 22:09:13.0
301,Equestrian / Jumping,0,1,1,,2019-05-15 22:09:13.0,2019-05-15 22:09:13.0
302,Equestrian / Eventing,0,1,1,,2019-05-15 22:09:13.0,2019-05-15 22:09:13.0
303,Equestrian / Dressage,0,1,1,,2019-05-15 22:09:13.0,2019-05-15 22:09:13.0
304,Equestrian / Cross-country,0,1,1,,2019-05-15 22:09:13.0,2019-05-15 22:09:13.0
305,Fencing,0,1,1,,2019-05-15 22:09:13.0,2019-05-15 22:09:13.0
306,Golf,0,1,1,,2019-05-15 22:09:13.0,2019-05-15 22:09:13.0
307,Football / Soccer,0,1,1,,2019-05-15 22:09:13.0,2019-05-15 22:09:13.0
308,Handball,0,1,1,,2019-05-15 22:09:13.0,2019-05-15 22:09:13.0
309,Rhythmic gymnastics,0,1,1,,2019-05-15 22:09:13.0,2019-05-15 22:09:13.0
310,Artistic gymnastics,0,1,1,,2019-05-15 22:09:13.0,2019-05-15 22:09:13.0
311,Judo,0,1,1,,2019-05-15 22:09:13.0,2019-05-15 22:09:13.0
312,Hockey,0,1,1,,2019-05-15 22:09:13.0,2019-05-15 22:09:13.0
313,Modern pentathlon,0,1,1,,2019-05-15 22:09:13.0,2019-05-15 22:09:13.0
314,Rugby,0,1,1,,2019-05-15 22:09:13.0,2019-05-15 22:09:13.0
315,Rowing,0,1,1,,2019-05-15 22:09:13.0,2019-05-15 22:09:13.0
316,Shooting Sports,0,1,1,,2019-05-15 22:09:13.0,2019-05-15 22:09:13.0
317,Sailing,0,1,1,,2019-05-15 22:09:13.0,2019-05-15 22:09:13.0
318,Swimming,0,1,1,,2019-05-15 22:09:13.0,2019-05-15 22:09:13.0
319,Artistic swimming,0,1,1,,2019-05-15 22:09:13.0,2019-05-15 22:09:13.0
320,Taekwondo,0,1,1,,2019-05-15 22:09:13.0,2019-05-15 22:09:13.0
321,Table tennis,0,1,1,,2019-05-15 22:09:13.0,2019-05-15 22:09:13.0
322,Tennis,0,1,1,,2019-05-15 22:09:13.0,2019-05-15 22:09:13.0
323,Trampoline,0,1,1,,2019-05-15 22:09:13.0,2019-05-15 22:09:13.0
324,Triathlon,0,1,1,,2019-05-15 22:09:13.0,2019-05-15 22:09:13.0
325,Volleyball,0,1,1,,2019-05-15 22:09:13.0,2019-05-15 22:09:13.0
326,Weightlifting,0,1,1,,2019-05-15 22:09:13.0,2019-05-15 22:09:13.0
327,Water polo,0,1,1,,2019-05-15 22:09:13.0,2019-05-15 22:09:13.0
328,Freestyle wrestling,0,1,1,,2019-05-15 22:09:13.0,2019-05-15 22:09:13.0
329,Greco-Roman wrestling,0,1,1,,2019-05-15 22:09:13.0,2019-05-15 22:09:13.0
330,Databases development,0,1,1,,2019-05-15 22:09:13.0,2019-05-15 22:09:13.0
331,Call center,0,1,1,,2019-05-15 22:09:13.0,2019-05-15 22:09:13.0
332,Personal training,0,1,1,,2019-05-15 22:09:13.0,2019-05-15 22:09:13.0
333,Software engineering,0,1,1,,2019-05-15 22:09:13.0,2019-05-15 22:09:13.0
334,Circuits Class,0,1,1,,2019-05-15 22:09:13.0,2019-05-15 22:09:13.0
335,Drawing & Design,0,1,1,,2019-05-15 22:09:13.0,2019-05-15 22:09:13.0
336,Sales business,0,1,1,,2019-05-15 22:09:13.0,2019-05-15 22:09:13.0
337,Wine cellar,0,1,1,,2019-05-15 22:09:13.0,2019-05-15 22:09:13.0
338,Hardware,0,0,1,,2019-05-15 22:09:13.0,2019-05-15 22:09:13.0
339,Sport betting,0,1,1,,2019-05-15 22:09:13.0,2019-05-15 22:09:13.0
340,Casino betting,0,1,1,,2019-05-15 22:09:13.0,2019-05-15 22:09:13.0
341,Poker bettings,0,1,1,,2019-05-15 22:09:13.0,2019-05-15 22:09:13.0
342,Horses bettings,0,1,1,,2019-05-15 22:09:13.0,2019-05-15 22:09:13.0
343,Video games development,0,1,1,,2019-05-15 22:09:13.0,2019-05-15 22:09:13.0
344,Tour operator,0,1,1,,2019-05-15 22:09:13.0,2019-05-15 22:09:13.0
345,Travel agency,0,1,1,,2019-05-15 22:09:13.0,2019-05-15 22:09:13.0
346,Airline,0,1,1,,2019-05-15 22:09:13.0,2019-05-15 22:09:13.0
347,Hotels & lodgings,0,1,1,,2019-05-15 22:09:13.0,2019-05-15 22:09:13.0
348,Printing,0,1,1,,2019-05-15 22:09:13.0,2019-05-15 22:09:13.0
349,Production,0,0,1,,2019-05-15 22:09:13.0,2019-05-15 22:09:13.0
350,Text Editing,0,1,1,,2019-05-15 22:09:13.0,2019-05-15 22:09:13.0
351,Acquisition,0,0,1,,2019-05-15 22:09:13.0,2019-05-15 22:09:13.0
352,Marketing & distribution,0,1,1,,2019-05-15 22:09:13.0,2019-05-15 22:09:13.0
353,Broadway theatre,0,0,1,,2019-05-15 22:09:13.0,2019-05-15 22:09:13.0
354,West End theatre,0,0,1,,2019-05-15 22:09:13.0,2019-05-15 22:09:13.0
355,Community theatre,0,0,1,,2019-05-15 22:09:13.0,2019-05-15 22:09:13.0
356,Off-Broadway theatre,0,0,1,,2019-05-15 22:09:13.0,2019-05-15 22:09:13.0
357,Fringe theatre,0,0,1,,2019-05-15 22:09:13.0,2019-05-15 22:09:13.0
358,Cena de teatro,0,1,1,,2019-05-15 22:09:13.0,2019-05-15 22:09:13.0
359,Regional theatre,0,0,1,,2019-05-15 22:09:13.0,2019-05-15 22:09:13.0
360,Off West End theatre,0,0,1,,2019-05-15 22:09:13.0,2019-05-15 22:09:13.0
361,Summer stock theatre,0,0,1,,2019-05-15 22:09:13.0,2019-05-15 22:09:13.0
362,Children's theater,0,1,1,,2019-05-15 22:09:13.0,2019-05-15 22:09:13.0
363,Event promoter,0,1,1,,2019-05-15 22:09:13.0,2019-05-15 22:09:13.0
364,Vanity gallery,0,0,1,,2019-05-15 22:09:13.0,2019-05-15 22:09:13.0
365,Contemporary art gallery,0,0,1,,2019-05-15 22:09:13.0,2019-05-15 22:09:13.0
366,University art gallery,0,0,1,,2019-05-15 22:09:14.0,2019-05-15 22:09:14.0
367,Private collections,0,0,1,,2019-05-15 22:09:14.0,2019-05-15 22:09:14.0
368,Public gallery,0,0,1,,2019-05-15 22:09:14.0,2019-05-15 22:09:14.0
369,Art museum,0,1,1,,2019-05-15 22:09:14.0,2019-05-15 22:09:14.0
370,Natural history museum,0,1,1,,2019-05-15 22:09:14.0,2019-05-15 22:09:14.0
371,Archaeology museum,0,0,1,,2019-05-15 22:09:14.0,2019-05-15 22:09:14.0
372,Monographic Museum,0,0,1,,2019-05-15 22:09:14.0,2019-05-15 22:09:14.0
373,History Museum,0,1,1,,2019-05-15 22:09:14.0,2019-05-15 22:09:14.0
374,Science & technology museum,0,1,1,,2019-05-15 22:09:14.0,2019-05-15 22:09:14.0
375,Ecomuseum,0,1,1,,2019-05-15 22:09:14.0,2019-05-15 22:09:14.0
376,Carpentry,0,1,1,,2019-05-15 22:09:14.0,2019-05-15 22:09:14.0
377,Interior design,0,1,1,,2019-05-15 22:09:14.0,2019-05-15 22:09:14.0
378,Land preparation,0,0,1,,2019-05-15 22:09:14.0,2019-05-15 22:09:14.0
379,Urbanization,0,1,1,,2019-05-15 22:09:14.0,2019-05-15 22:09:14.0
380,Paints & other finishes,0,1,1,,2019-05-15 22:09:14.0,2019-05-15 22:09:14.0
381,Brasserie & bistro,0,1,1,,2019-05-15 22:09:14.0,2019-05-15 22:09:14.0
382,Cafeteria,0,1,1,,2019-05-15 22:09:14.0,2019-05-15 22:09:14.0
383,Café,0,1,1,,2019-05-15 22:09:14.0,2019-05-15 22:09:14.0
384,Barbecue,0,1,1,,2019-05-15 22:09:14.0,2019-05-15 22:09:14.0
385,Destination restaurant,0,1,1,,2019-05-15 22:09:14.0,2019-05-15 22:09:14.0
386,Coffeehouse,0,1,1,,2019-05-15 22:09:14.0,2019-05-15 22:09:14.0
387,Tabletop cooking,0,1,1,,2019-05-15 22:09:14.0,2019-05-15 22:09:14.0
388,Lounge bar,0,1,1,,2019-05-15 22:09:14.0,2019-05-15 22:09:14.0
389,Teppanyaki-style,0,1,1,,2019-05-15 22:09:14.0,2019-05-15 22:09:14.0
390,Mongolian barbecue,0,0,1,,2019-05-15 22:09:14.0,2019-05-15 22:09:14.0
391,Beer bar,0,1,1,,2019-05-15 22:09:14.0,2019-05-15 22:09:14.0
392,Wine bar,0,1,1,,2019-05-15 22:09:14.0,2019-05-15 22:09:14.0
393,Traditional bar,0,1,1,,2019-05-15 22:09:14.0,2019-05-15 22:09:14.0
394,Karaoke bar,0,1,1,,2019-05-15 22:09:14.0,2019-05-15 22:09:14.0
395,Bar & grill,0,1,1,,2019-05-15 22:09:14.0,2019-05-15 22:09:14.0
396,Non-alcoholic bar,0,1,1,,2019-05-15 22:09:14.0,2019-05-15 22:09:14.0
397,Disco bar,0,1,1,,2019-05-15 22:09:14.0,2019-05-15 22:09:14.0
398,Comedy bar,0,1,1,,2019-05-15 22:09:14.0,2019-05-15 22:09:14.0
399,Urban winery,0,1,1,,2019-05-15 22:09:14.0,2019-05-15 22:09:14.0
400,Farm winery,0,1,1,,2019-05-15 22:09:14.0,2019-05-15 22:09:14.0
401,Micro-winery,0,1,1,,2019-05-15 22:09:14.0,2019-05-15 22:09:14.0
402,Brewpub,0,1,1,,2019-05-15 22:09:14.0,2019-05-15 22:09:14.0
403,Microbrewery,0,1,1,,2019-05-15 22:09:14.0,2019-05-15 22:09:14.0
404,Macrobrewery,0,1,1,,2019-05-15 22:09:14.0,2019-05-15 22:09:14.0
405,Regional brewery,0,1,1,,2019-05-15 22:09:14.0,2019-05-15 22:09:14.0
406,Farm brewery,0,1,1,,2019-05-15 22:09:14.0,2019-05-15 22:09:14.0
407,Contract brewing,0,1,1,,2019-05-15 22:09:14.0,2019-05-15 22:09:14.0
408,Grocery,0,1,1,,2019-05-15 22:09:14.0,2019-05-15 22:09:14.0
409,Gypsy brewing,0,1,1,,2019-05-15 22:09:14.0,2019-05-15 22:09:14.0
410,Mini-market,0,1,1,,2019-05-15 22:09:14.0,2019-05-15 22:09:14.0
411,Warehouse,0,1,1,,2019-05-15 22:09:14.0,2019-05-15 22:09:14.0
412,Supermarket,0,1,1,,2019-05-15 22:09:14.0,2019-05-15 22:09:14.0
413,Research institute,0,1,1,,2019-05-15 22:09:14.0,2019-05-15 22:09:14.0
414,Specialized Institute,0,1,1,,2019-05-15 22:09:14.0,2019-05-15 22:09:14.0
415,Public institute,0,0,1,,2019-05-15 22:09:14.0,2019-05-15 22:09:14.0
416,Private institute,0,0,1,,2019-05-15 22:09:14.0,2019-05-15 22:09:14.0
417,Bovine,0,1,1,,2019-05-15 22:09:14.0,2019-05-15 22:09:14.0
418,Chicken,0,1,1,,2019-05-15 22:09:14.0,2019-05-15 22:09:14.0
419,Pork,0,1,1,,2019-05-15 22:09:14.0,2019-05-15 22:09:14.0
420,Lamb,0,1,1,,2019-05-15 22:09:14.0,2019-05-15 22:09:14.0
421,Paté,0,1,1,,2019-05-15 22:09:14.0,2019-05-15 22:09:14.0
422,Cheese,0,1,1,,2019-05-15 22:09:14.0,2019-05-15 22:09:14.0
423,Lyceum,0,1,1,,2019-05-15 22:09:14.0,2019-05-15 22:09:14.0
424,Professional high school,0,1,1,,2019-05-15 22:09:14.0,2019-05-15 22:09:14.0
425,High school,0,1,1,,2019-05-15 22:09:14.0,2019-05-15 22:09:14.0
426,Teaching center,0,1,1,,2019-05-15 22:09:14.0,2019-05-15 22:09:14.0
427,Online university,0,1,1,,2019-05-15 22:09:14.0,2019-05-15 22:09:14.0
428,Private university,0,1,1,,2019-05-15 22:09:14.0,2019-05-15 22:09:14.0
429,Public university,0,1,1,,2019-05-15 22:09:14.0,2019-05-15 22:09:14.0
430,Educational agency,0,1,1,,2019-05-15 22:09:14.0,2019-05-15 22:09:14.0
431,Language school,0,1,1,,2019-05-15 22:09:14.0,2019-05-15 22:09:14.0
432,Mobile apps,0,1,1,,2019-05-15 22:09:14.0,2019-05-15 22:09:14.0
433,Databases,0,1,1,,2019-05-15 22:09:14.0,2019-05-15 22:09:14.0
434,Special university,0,1,1,,2019-05-15 22:09:14.0,2019-05-15 22:09:14.0
435,Software engineer,0,1,1,,2019-05-15 22:09:14.0,2019-05-15 22:09:14.0
436,Video game developer,0,1,1,,2019-05-15 22:09:14.0,2019-05-15 22:09:14.0
437,Finance analyst,0,1,1,,2019-05-15 22:09:14.0,2019-05-15 22:09:14.0
438,Entrepreneur,0,1,1,,2019-05-15 22:09:14.0,2019-05-15 22:09:14.0
439,Beauty & esthetic center,0,1,1,,2019-05-15 22:09:14.0,2019-05-15 22:09:14.0
440,Financial analysis,0,1,1,,2019-05-15 22:09:14.0,2019-05-15 22:09:14.0
441,Banking & custody,0,1,1,,2019-05-15 22:09:14.0,2019-05-15 22:09:14.0
442,Credit and collections,0,1,1,,2019-05-15 22:09:14.0,2019-05-15 22:09:14.0
443,Sales forecasts,0,1,1,,2019-05-15 22:09:14.0,2019-05-15 22:09:14.0
444,External audit,0,1,1,,2019-05-15 22:09:14.0,2019-05-15 22:09:14.0
445,Investments,0,1,1,,2019-05-15 22:09:14.0,2019-05-15 22:09:14.0
446,Obtaining capital,0,1,1,,2019-05-15 22:09:14.0,2019-05-15 22:09:14.0
447,Operations control,0,1,1,,2019-05-15 22:09:14.0,2019-05-15 22:09:14.0
448,Growth,0,0,1,,2019-05-15 22:09:14.0,2019-05-15 22:09:14.0
449,Accountability,0,1,1,,2019-05-15 22:09:14.0,2019-05-15 22:09:14.0
450,Sales closing,0,1,1,,2019-05-15 22:09:14.0,2019-05-15 22:09:14.0
451,Phone sales,0,0,1,,2019-05-15 22:09:14.0,2019-05-15 22:09:14.0
452,Tour manager,0,1,1,,2019-05-15 22:09:14.0,2019-05-15 22:09:14.0
453,Road manager,0,1,1,,2019-05-15 22:09:14.0,2019-05-15 22:09:14.0
454,Buffet,0,1,1,,2019-05-15 22:09:14.0,2019-05-15 22:09:14.0
455,Martial arts,0,1,1,,2019-05-15 22:09:14.0,2019-05-15 22:09:14.0
456,Swimmer,0,1,1,,2019-05-15 22:09:14.0,2019-05-15 22:09:14.0
457,Football player,0,1,1,,2019-05-15 22:09:14.0,2019-05-15 22:09:14.0
458,Basketball player,0,1,1,,2019-05-15 22:09:14.0,2019-05-15 22:09:14.0
459,Volleyball player,0,1,1,,2019-05-15 22:09:14.0,2019-05-15 22:09:14.0
460,Baseball player,0,1,1,,2019-05-15 22:09:14.0,2019-05-15 22:09:14.0
461,Hockey player,0,1,1,,2019-05-15 22:09:14.0,2019-05-15 22:09:14.0
462,Gymnast,0,1,1,,2019-05-15 22:09:14.0,2019-05-15 22:09:14.0
463,Skater,0,1,1,,2019-05-15 22:09:14.0,2019-05-15 22:09:14.0
464,Athlete,0,1,1,,2019-05-15 22:09:14.0,2019-05-15 22:09:14.0
465,Tennis player,0,1,1,,2019-05-15 22:09:14.0,2019-05-15 22:09:14.0
466,Parkour athlete,0,1,1,,2019-05-15 22:09:14.0,2019-05-15 22:09:14.0
467,Freerunning,0,1,1,,2019-05-15 22:09:14.0,2019-05-15 22:09:14.0
468,Polo player,0,1,1,,2019-05-15 22:09:14.0,2019-05-15 22:09:14.0
469,Butcher shop,0,1,1,,2019-05-15 22:09:14.0,2019-05-15 22:09:14.0
470,Makeup for films,0,1,1,,2019-05-15 22:09:14.0,2019-05-15 22:09:14.0
471,Characterization makeup,0,1,1,,2019-05-15 22:09:14.0,2019-05-15 22:09:14.0
472,Break dancer,0,1,1,,2019-05-15 22:09:14.0,2019-05-15 22:09:14.0
473,Bachata dancer,0,1,1,,2019-05-15 22:09:14.0,2019-05-15 22:09:14.0
474,Wrestler,0,1,1,,2019-05-15 22:09:14.0,2019-05-15 22:09:14.0
475,Network engineer,0,1,1,,2019-05-15 22:09:14.0,2019-05-15 22:09:14.0
476,Seller,0,1,1,,2019-05-15 22:09:14.0,2019-05-15 22:09:14.0
477,Wrestling coach,0,1,1,,2019-05-15 22:09:14.0,2019-05-15 22:09:14.0
478,Master of ceremonies,0,1,1,,2019-05-15 22:09:14.0,2019-05-15 22:09:14.0
479,Modelar ropa,1,1,14151,,2019-05-15 22:09:14.0,2019-05-15 22:09:14.0
480,Bailar,1,1,14151,,2019-05-15 22:09:14.0,2019-05-15 22:09:14.0
481,Actriz,1,1,14195,,2019-05-15 22:09:14.0,2019-05-15 22:09:14.0
482,Modelaje,1,1,14208,,2019-05-15 22:09:14.0,2019-05-15 22:09:14.0
483,Reina,1,1,14230,,2019-05-15 22:09:14.0,2019-05-15 22:09:14.0
484,Miss Ambar mundial 2018,1,1,14267,,2019-05-15 22:09:14.0,2019-05-15 22:09:14.0
485,Pasarela,1,1,14267,,2019-05-15 22:09:14.0,2019-05-15 22:09:14.0
486,Televicion,1,1,14275,,2019-05-15 22:09:14.0,2019-05-15 22:09:14.0
487,Infantil,1,1,14275,,2019-05-15 22:09:14.0,2019-05-15 22:09:14.0
488,Cornista,1,1,14226,,2019-05-15 22:09:14.0,2019-05-15 22:09:14.0
489,Modelo,1,1,14226,,2019-05-15 22:09:14.0,2019-05-15 22:09:14.0
490,Colegio,1,1,14320,,2019-05-15 22:09:14.0,2019-05-15 22:09:14.0
491,"Baile, actuación y Locución",1,1,14347,,2019-05-15 22:09:14.0,2019-05-15 22:09:14.0
492,Conguer,1,1,14363,,2019-05-15 22:09:14.0,2019-05-15 22:09:14.0
493,"Actuar, dibujar y el maquillaje",1,1,14368,,2019-05-15 22:09:14.0,2019-05-15 22:09:14.0
494,Asesora de imagen,1,1,14378,,2019-05-15 22:09:14.0,2019-05-15 22:09:14.0
495,Modelo de pasarela,1,1,14390,,2019-05-15 22:09:14.0,2019-05-15 22:09:14.0
496,Miss teen,1,1,14390,,2019-05-15 22:09:14.0,2019-05-15 22:09:14.0
497,Hip hop,1,1,14406,,2019-05-15 22:09:14.0,2019-05-15 22:09:14.0
498,Modelo de pasarela y fotografía,1,1,14429,,2019-05-15 22:09:14.0,2019-05-15 22:09:14.0
499,Reina de belleza,1,1,14431,,2019-05-15 22:09:14.0,2019-05-15 22:09:14.0
500,Photo shoot model,1,1,429,,2019-05-15 22:09:14.0,2019-05-15 22:09:14.0
501,Model,1,1,14458,,2019-05-15 22:09:14.0,2019-05-15 22:09:14.0
502,"Cantar, componer musica y ser musico",1,1,14469,,2019-05-15 22:09:14.0,2019-05-15 22:09:14.0
503,"Toco piano, bajo, Guitarra, bateria",1,1,14469,,2019-05-15 22:09:14.0,2019-05-15 22:09:14.0
504,"Cantante solista,bailarina folclorica",1,1,14512,,2019-05-15 22:09:14.0,2019-05-15 22:09:14.0
505,Guitarra,1,1,14521,,2019-05-15 22:09:14.0,2019-05-15 22:09:14.0
506,Musica urbana,1,1,14539,,2019-05-15 22:09:14.0,2019-05-15 22:09:14.0
507,"Baladas ,rap,po,regueton,trap y R&B",1,1,14553,,2019-05-15 22:09:14.0,2019-05-15 22:09:14.0
508,Idioma,1,1,14586,,2019-05-15 22:09:14.0,2019-05-15 22:09:14.0
509,Manejar pc,1,1,14586,,2019-05-15 22:09:14.0,2019-05-15 22:09:14.0
510,Deportista,1,1,14657,,2019-05-15 22:09:14.0,2019-05-15 22:09:14.0
511,Serigrafista,1,1,14652,,2019-05-15 22:09:14.0,2019-05-15 22:09:14.0
512,Photoshop,1,1,14666,,2019-05-15 22:09:14.0,2019-05-15 22:09:14.0
513,Diseño,1,1,14702,,2019-05-15 22:09:14.0,2019-05-15 22:09:14.0
514,R&B /Trap /House,1,1,14706,,2019-05-15 22:09:14.0,2019-05-15 22:09:14.0
515,Diseño grafi,1,1,14735,,2019-05-15 22:09:14.0,2019-05-15 22:09:14.0
516,Guitarista,1,1,14776,,2019-05-15 22:09:14.0,2019-05-15 22:09:14.0
517,Creaccion con estilo,1,1,14887,,2019-05-15 22:09:14.0,2019-05-15 22:09:14.0
518,Maquilladora,1,1,14897,,2019-05-15 22:09:14.0,2019-05-15 22:09:14.0
519,Camare,1,1,14897,,2019-05-15 22:09:14.0,2019-05-15 22:09:14.0
520,Diseño y confección,1,1,14702,,2019-05-15 22:09:15.0,2019-05-15 22:09:15.0
521,Experto,1,1,14913,,2019-05-15 22:09:15.0,2019-05-15 22:09:15.0
522,Djs,1,1,14987,,2019-05-15 22:09:15.0,2019-05-15 22:09:15.0
523,Fotografa,1,1,15012,,2019-05-15 22:09:15.0,2019-05-15 22:09:15.0
524,Hip Hop dancer,0,1,1,,2019-05-15 22:09:15.0,2019-05-15 22:09:15.0
525,Kpop dancer,0,1,1,,2019-05-15 22:09:15.0,2019-05-15 22:09:15.0
526,Dembow dancer,0,1,1,,2019-05-15 22:09:15.0,2019-05-15 22:09:15.0
527,Journalist,0,1,1,,2019-05-15 22:09:15.0,2019-05-15 22:09:15.0
528,Sports journalist,0,1,1,,2019-05-15 22:09:15.0,2019-05-15 22:09:15.0
529,Columnist,0,1,1,,2019-05-15 22:09:15.0,2019-05-15 22:09:15.0
530,Editorial writer,0,1,1,,2019-05-15 22:09:15.0,2019-05-15 22:09:15.0
531,Blogger,0,1,1,,2019-05-15 22:09:15.0,2019-05-15 22:09:15.0
532,Editor,0,1,1,,2019-05-15 22:09:15.0,2019-05-15 22:09:15.0
533,Copy editor,0,1,1,,2019-05-15 22:09:15.0,2019-05-15 22:09:15.0
534,Meteorologist,0,1,1,,2019-05-15 22:09:15.0,2019-05-15 22:09:15.0
535,News anchor,0,1,1,,2019-05-15 22:09:15.0,2019-05-15 22:09:15.0
536,Commentator / Pundit,0,1,1,,2019-05-15 22:09:15.0,2019-05-15 22:09:15.0
537,Food truck,0,1,1,,2019-05-15 22:09:15.0,2019-05-15 22:09:15.0
538,Folk dancer,0,1,1,,2019-05-15 22:09:15.0,2019-05-15 22:09:15.0
539,Nationalist dancer,0,1,1,,2019-05-15 22:09:15.0,2019-05-15 22:09:15.0
540,Waiter,0,1,1,,2019-05-15 22:09:15.0,2019-05-15 22:09:15.0
541,Community manager,0,1,1,,2019-05-15 22:09:15.0,2019-05-15 22:09:15.0
542,Early childhood TCH.,0,1,1,,2019-05-15 22:09:15.0,2019-05-15 22:09:15.0
543,Natalia jimenez,1,1,17803,,2019-05-15 22:09:15.0,2019-05-15 22:09:15.0
544,Escritor,1,1,17809,,2019-05-15 22:09:15.0,2019-05-15 22:09:15.0
545,Rapera,1,1,17838,,2019-05-15 22:09:15.0,2019-05-15 22:09:15.0
546,Meso soprano,1,1,17848,,2019-05-15 22:09:15.0,2019-05-15 22:09:15.0
547,Cantante,1,1,17891,,2019-05-15 22:09:15.0,2019-05-15 22:09:15.0
548,Reggaeton,1,1,17906,,2019-05-15 22:09:15.0,2019-05-15 22:09:15.0
549,"Reggaetón, romántico, dembow",1,1,17930,,2019-05-15 22:09:15.0,2019-05-15 22:09:15.0
550,Cantante en duo,1,1,18069,,2019-05-15 22:09:15.0,2019-05-15 22:09:15.0
551,"Cantante , actor y compositor",1,1,18111,,2019-05-15 22:09:15.0,2019-05-15 22:09:15.0
552,Soli,1,1,18130,,2019-05-15 22:09:15.0,2019-05-15 22:09:15.0
553,Medicina,1,1,18152,,2019-05-15 22:09:15.0,2019-05-15 22:09:15.0
554,Música,1,1,18190,,2019-05-15 22:09:15.0,2019-05-15 22:09:15.0
555,Compositora,1,1,18190,,2019-05-15 22:09:15.0,2019-05-15 22:09:15.0
556,Developer,1,1,18195,,2019-05-15 22:09:15.0,2019-05-15 22:09:15.0
